Year,Squad,# Pl,Age,Poss,Playing-Time_MP,Playing-Time_Starts,Playing-Time_Min,Playing-Time_90s,Performance_Gls,Performance_Ast,Performance_G+A,Performance_G-PK,Performance_PK,Performance_PKatt,Performance_CrdY,Performance_CrdR,Expected_xG,Expected_npxG,Expected_xAG,Expected_npxG+xAG,Progression_PrgC,Progression_PrgP,# Pl_defense,90s,Tackles-Tkl,Tackles-TklW,Tackles-Def_3rd,Tackles-Mid_3rd,Tackles-Att_3rd,Challenges-Tkl,Challenges-Att,Challenges-Tkl%,Challenges-Lost,Blocks-Blocks,Blocks-Sh,Blocks-Pass,Blocks-Int,Blocks-Tkl+Int,Blocks-Clr,Blocks-Err,# Pl_gca,90s_gca,SCA-SCA,SCA-SCA90,SCA_Types-PassLive,SCA_Types-PassDead,SCA_Types-TO,SCA_Types-Sh,SCA_Types-Fld,SCA_Types-Def,GCA_GCA,GCA_GCA90,GCA-Types_PassLive,GCA-Types_PassDead,GCA-Types_TO,GCA-Types_Sh,GCA-Types_Fld,GCA-Types_Def,# Pl_keeper,MP,Starts,Min,90s_keeper,Performance_GA,Performance_GA90,Performance_SoTA,Performance_Saves,Performance_Save%,Performance_W,Performance_D,Performance_L,Performance_CS,Performance_CS%,PenaltyKicks_PKatt,PenaltyKicks_PKA,PenaltyKicks_PKsv,PenaltyKicks_PKm,PenaltyKicks_Save%,Team,Average_Age_Normalized_by_Avg,Number_of_Foreigners_Normalized_by_Avg,Average_Market_Value_Normalized_by_Avg,Total_Market_Value_Normalized_by_Avg,Points,Position
2017,Arsenal,30,26.8,61.4,38,418,3420,38.0,73,61,134,69,4,5,57,0.0,68.3,64.3,53.3,117.6,915,2223,30,38.0,623,425,312,227,84,218,581,37.5,363,372,103,269,427,1050,879,33,30,38.0,1079,28.39,830,53,70,65,53,8,131,3.45,95,8,7,12,7,2,2,38,38,3420,38.0,51,1.34,147,94,68.7,19,6,13,13,34.2,6,5,1,0,16.7,arsenal fc,0.9654123907259596,1.1563169164882223,1.3962964639833386,1.716780665190664,63,6
2017,Bournemouth,22,26.9,48.1,38,418,3420,38.0,45,36,81,42,3,3,57,0.0,38.8,36.4,29.1,65.5,702,1526,22,38.0,509,324,272,187,50,198,525,37.7,327,453,160,293,367,876,1129,25,22,38.0,809,21.29,582,78,53,42,39,15,83,2.18,53,8,5,8,7,2,1,38,38,3420,38.0,61,1.61,170,109,65.3,11,11,16,6,15.8,3,2,1,0,33.3,afc bournemouth,1.0034207525655645,0.5995717344753747,0.3739756417802327,0.3574564929683731,44,12
2017,Brighton,24,27.5,43.7,38,418,3420,38.0,33,25,58,28,5,7,54,0.0,37.0,31.8,26.2,58.0,523,1230,24,38.0,599,380,360,205,34,205,642,31.9,437,430,190,240,449,1048,1182,18,24,38.0,684,18.0,489,73,46,37,31,8,60,1.58,43,3,4,4,6,0,1,38,38,3420,38.0,54,1.42,172,121,69.2,9,13,16,10,26.3,3,1,2,0,66.7,brighton & hove albion,1.0376282782212085,1.1563169164882223,0.344093810838955,0.3666093581862484,40,15
2017,Burnley,24,27.5,43.7,38,418,3420,38.0,35,26,61,35,0,0,65,0.0,32.3,32.3,23.6,55.9,431,1103,24,38.0,533,355,272,217,44,204,553,36.9,349,457,191,266,400,933,1300,8,24,38.0,664,17.47,441,88,36,43,48,8,58,1.53,37,4,4,11,2,0,2,38,38,3420,38.0,39,1.03,160,121,77.5,14,12,12,12,31.6,5,3,1,1,25.0,burnley fc,1.0756366400608133,0.6852248394004282,0.5107076560872912,0.4188054274016995,54,7
2017,Chelsea,26,26.7,55.6,38,418,3420,38.0,60,42,102,57,3,3,46,0.0,54.4,52.0,41.5,93.5,1045,1998,26,38.0,636,426,321,251,64,208,550,37.8,342,365,107,258,424,1060,842,24,26,38.0,1114,29.32,838,83,81,54,46,12,110,2.89,84,7,8,3,8,0,2,38,38,3420,38.0,38,1.0,117,81,69.2,21,7,10,16,42.1,2,2,0,0,0.0,chelsea fc,0.9616115545419992,1.4132762312633833,1.7403902748222937,2.187411099704387,70,5
2017,Crystal Palace,28,27.1,45.2,38,418,3420,38.0,44,26,70,36,8,10,72,0.0,53.5,45.9,33.3,79.2,727,1308,28,38.0,686,447,393,237,56,260,666,39.0,406,466,117,349,552,1238,1110,22,28,38.0,834,21.95,528,83,90,56,60,17,78,2.05,50,3,7,9,9,0,2,38,38,3420,38.0,55,1.45,170,117,68.8,11,11,16,9,23.7,2,2,0,0,0.0,crystal palace,0.999619916381604,1.0278372591006424,0.4871643953456784,0.5460302539301661,44,11
2017,Everton,30,26.7,45.5,38,418,3420,38.0,42,26,68,37,5,8,55,0.0,40.5,34.1,24.7,58.8,477,1161,30,38.0,644,447,360,206,78,223,612,36.4,389,426,160,266,514,1158,1308,22,30,38.0,629,16.55,454,59,31,31,42,12,71,1.87,41,4,8,9,5,4,1,38,38,3420,38.0,58,1.53,178,119,69.1,13,10,15,10,26.3,5,3,1,1,25.0,everton fc,0.9654123907259596,1.3276231263383296,0.7189749626477113,0.9431161795445832,49,8
2017,Huddersfield,25,26.4,45.7,38,418,3420,38.0,25,19,44,23,2,2,65,0.0,31.3,29.8,23.7,53.5,627,1210,25,38.0,743,502,354,306,83,249,630,39.5,381,453,118,335,518,1261,1129,22,25,38.0,621,16.34,443,52,39,35,36,16,45,1.18,29,4,6,3,3,0,1,38,38,3420,38.0,58,1.53,158,99,65.8,9,10,19,10,26.3,6,4,2,0,33.3,huddersfield town,0.992018244013683,0.8137044967880085,0.2743695386426404,0.2623409071231555,37,16
2017,Leicester City,27,27.2,48.0,38,418,3420,38.0,53,38,91,48,5,6,60,0.0,50.0,45.3,34.9,80.2,655,1271,27,38.0,630,417,332,249,49,208,616,33.8,408,465,130,335,414,1044,1007,17,27,38.0,731,19.24,495,83,63,45,38,7,94,2.47,68,8,6,5,7,0,3,38,38,3420,38.0,60,1.58,164,104,64.6,12,11,15,9,23.7,4,2,2,0,50.0,leicester city,1.026225769669327,0.9850107066381156,0.8104314755285914,0.7526376331185296,47,9
2017,Liverpool,27,25.6,60.3,38,418,3420,38.0,82,58,140,80,2,3,44,0.0,72.9,70.6,52.7,123.3,982,2236,27,38.0,637,450,265,285,87,196,521,37.6,325,388,71,317,379,1016,788,12,27,38.0,1139,29.97,859,71,98,58,36,17,144,3.79,98,5,27,8,5,1,2,38,38,3420,38.0,38,1.0,104,64,67.3,21,12,5,17,44.7,6,4,2,0,33.3,liverpool fc,0.9654123907259596,0.899357601713062,2.218499569882737,2.121238357926505,75,4
2017,Manchester City,25,26.4,71.0,38,418,3420,38.0,103,85,188,97,6,8,63,0.0,78.6,72.7,57.9,130.6,1308,2570,25,38.0,563,381,257,215,91,195,561,34.8,366,328,53,275,346,909,620,19,25,38.0,1209,31.82,943,73,76,52,52,13,193,5.08,150,8,16,7,10,2,2,38,38,3420,38.0,27,0.71,85,58,68.2,32,4,2,18,47.4,2,0,2,0,100.0,manchester city,0.96921322690992,0.9421841541755888,2.8550731199348034,2.498484829744338,100,1
2017,Manchester Utd,27,26.7,54.7,38,418,3420,38.0,67,53,120,66,1,3,64,0.0,55.7,53.3,40.5,93.8,920,1564,27,38.0,564,369,275,218,71,173,555,31.2,382,382,112,270,481,1045,926,20,27,38.0,916,24.11,699,54,69,45,38,11,117,3.08,81,6,12,12,5,1,2,38,38,3420,38.0,28,0.74,143,117,81.1,25,6,7,19,50.0,1,1,0,0,0.0,manchester united,1.0110224249334854,0.9850107066381156,2.197672839226694,2.101448379077045,81,2
2017,Newcastle Utd,27,25.6,41.7,38,418,3420,38.0,38,29,67,38,0,1,54,0.0,41.6,40.9,32.1,72.9,548,1145,27,38.0,645,426,338,255,52,221,638,34.6,417,475,117,358,441,1086,1219,17,27,38.0,781,20.55,561,72,45,44,39,20,63,1.66,43,7,2,10,1,0,3,38,38,3420,38.0,47,1.24,148,102,70.9,12,8,18,9,23.7,6,4,2,0,33.3,newcastle united,0.984416571645762,1.1563169164882223,0.5098021460587676,0.5152320993456938,44,10
2017,Southampton,26,26.2,51.3,38,418,3420,38.0,36,23,59,33,3,3,65,0.0,39.9,37.6,29.5,67.0,694,1609,26,38.0,658,454,342,250,66,244,605,40.3,361,455,128,327,462,1120,1034,25,26,38.0,799,21.03,590,71,54,42,32,10,65,1.71,40,5,9,6,5,0,2,38,38,3420,38.0,56,1.47,165,108,66.7,7,15,16,8,21.1,2,1,1,0,50.0,southampton fc,1.0034207525655645,0.6852248394004282,0.9272422692081316,0.7347029647862063,36,17
2017,Stoke City,30,27.5,41.4,38,418,3420,38.0,34,28,62,34,0,3,62,0.0,36.5,34.1,27.4,61.4,477,1150,30,38.0,678,437,370,252,56,228,600,38.0,372,424,142,282,461,1139,1265,20,30,38.0,669,17.61,463,69,41,44,41,11,62,1.63,39,8,4,7,3,1,2,38,38,3420,38.0,68,1.79,216,150,70.8,7,12,19,6,15.8,5,5,0,0,0.0,stoke city,1.0186240973014062,1.1563169164882223,0.4980305156879612,0.4760726786973246,33,19
2017,Swansea City,26,27.2,45.3,38,418,3420,38.0,27,20,47,26,1,1,51,0.0,31.6,30.8,20.2,51.0,596,1194,26,38.0,610,417,286,241,83,221,550,40.2,329,411,124,287,390,1000,1019,21,26,38.0,581,15.29,395,57,48,37,33,11,40,1.05,23,7,1,6,1,2,1,38,38,3420,38.0,56,1.47,190,133,72.1,8,9,21,9,23.7,6,3,3,0,50.0,swansea city,1.0186240973014062,1.070663811563169,0.4165346131208403,0.4093804499746441,33,18
2017,Tottenham,25,25.8,61.8,38,418,3420,38.0,70,51,121,68,2,3,52,0.0,64.7,62.3,49.0,111.3,862,2249,25,38.0,618,399,272,259,87,212,537,39.5,325,360,74,286,380,998,878,22,25,38.0,1092,28.74,811,75,68,72,51,15,114,3.0,81,7,8,11,7,0,3,38,38,3420,38.0,36,0.95,124,89,72.6,23,8,7,16,42.1,3,2,0,1,0.0,tottenham hotspur,0.9578107183580388,0.9421841541755888,2.209444469597501,2.052220806689013,77,3
2017,Watford,29,27.9,49.7,38,418,3420,38.0,42,27,69,39,3,6,65,0.0,45.0,40.2,29.2,69.4,647,1455,29,38.0,668,432,337,263,68,237,609,38.9,372,359,98,261,467,1135,997,17,29,38.0,766,20.16,526,73,60,47,40,20,69,1.82,41,5,8,10,5,0,2,38,38,3420,38.0,64,1.68,156,93,62.8,11,8,19,9,23.7,6,6,0,0,0.0,watford fc,1.041429114405169,1.1991434689507494,0.4799203151174899,0.4848544818117725,41,14
2017,West Brom,24,29.1,40.7,38,418,3420,38.0,31,24,55,30,1,1,73,0.0,36.5,35.7,25.9,61.6,507,1106,24,38.0,603,385,336,204,63,218,625,34.9,407,420,148,272,470,1073,1087,9,24,38.0,649,17.08,449,78,40,33,38,11,51,1.34,35,6,4,3,3,0,2,38,38,3420,38.0,56,1.47,154,100,64.3,6,13,19,10,26.3,1,1,0,0,0.0,west bromwich albion,1.026225769669327,0.728051391862955,0.4554715443473536,0.410518373758488,31,20
2017,West Ham,27,28.0,45.2,38,418,3420,38.0,48,29,77,46,2,4,75,0.0,36.7,33.6,24.9,58.4,523,1179,27,38.0,621,410,327,238,56,235,620,37.9,385,437,154,283,482,1103,1085,17,27,38.0,657,17.29,457,64,57,23,49,7,79,2.08,51,5,9,7,5,2,2,38,38,3420,38.0,68,1.79,187,119,66.3,10,12,16,10,26.3,6,5,1,0,16.7,west ham united,0.976814899277841,1.070663811563169,0.5759043781409879,0.6446585610211629,42,13
2018,Arsenal,28,26.7,58.1,38,418,3420,38.0,69,52,121,65,4,5,74,2.0,60.1,56.0,46.7,102.7,868,1874,28,38.0,609,366,294,236,79,228,535,42.6,307,424,118,306,412,1021,798,28,28,38.0,831,21.87,655,58,50,34,22,12,116,3.05,91,6,5,6,7,1,2,38,38,3420,38.0,51,1.34,182,132,75.8,21,7,10,8,21.1,7,7,0,0,0.0,arsenal fc,0.9676190476190476,1.108910891089109,1.2735906489711433,1.3443415469973892,70,5
2018,Bournemouth,28,26.6,46.9,38,418,3420,38.0,55,43,98,48,7,9,60,1.0,53.3,46.2,38.8,85.0,738,1435,28,38.0,525,299,285,185,55,216,494,43.7,278,405,152,253,371,896,1098,21,28,38.0,788,20.74,558,83,46,39,47,15,99,2.61,64,9,8,6,9,3,3,38,38,3420,38.0,70,1.84,173,106,62.4,13,6,19,10,26.3,5,5,0,0,0.0,afc bournemouth,0.998095238095238,0.6732673267326733,0.6802224116238484,0.6323433420365536,45,14
2018,Brighton,21,27.4,42.4,38,418,3420,38.0,35,24,59,30,5,6,62,4.0,35.3,30.7,24.5,55.2,475,1150,21,38.0,679,391,363,238,78,264,582,45.4,318,415,170,245,463,1142,1001,17,21,38.0,647,17.03,427,87,40,35,45,13,55,1.45,29,9,1,7,8,1,2,38,38,3420,38.0,60,1.58,170,110,70.6,9,9,20,7,18.4,10,10,0,0,0.0,brighton & hove albion,1.001904761904762,1.1485148514851484,0.3847558748325825,0.3964384791122716,36,17
2018,Burnley,23,28.0,41.2,38,418,3420,38.0,43,32,75,41,2,2,75,1.0,44.4,42.8,31.2,74.0,421,1032,23,38.0,584,311,280,246,58,237,539,44.0,302,516,222,294,367,951,1156,19,23,38.0,624,16.42,417,81,14,55,52,5,69,1.82,45,8,0,13,3,0,2,38,38,3420,38.0,68,1.79,199,134,66.8,11,7,20,8,21.1,3,2,1,0,33.3,burnley fc,1.0895238095238096,0.5544554455445545,0.485409310442794,0.4023539490861619,40,15
2018,Cardiff City,25,27.7,35.4,38,418,3420,38.0,33,20,53,30,3,4,66,1.0,42.4,39.2,27.6,66.8,434,918,25,38.0,655,375,357,234,64,241,607,39.7,366,490,147,343,529,1184,1034,18,25,38.0,693,18.24,457,96,32,57,47,4,50,1.32,32,4,3,9,2,0,1,38,38,3420,38.0,69,1.82,207,135,68.6,10,4,24,10,26.3,7,4,3,0,42.9,cardiff city,1.059047619047619,0.8316831683168316,0.2621859653395024,0.2304993472584856,34,18
2018,Chelsea,24,27.3,62.9,38,418,3420,38.0,61,52,113,56,5,5,49,0.0,58.6,54.6,44.9,99.6,1058,2155,24,38.0,618,365,280,245,93,241,541,44.5,300,357,73,284,353,971,645,16,24,38.0,1131,29.76,892,58,61,45,54,21,114,3.0,82,5,13,7,6,1,2,38,38,3420,38.0,39,1.03,124,84,69.4,21,9,8,16,42.1,2,1,1,0,50.0,chelsea fc,0.998095238095238,1.5841584158415842,1.75331791062949,2.386586161879896,72,3
2018,Crystal Palace,26,27.4,45.2,38,418,3420,38.0,48,33,81,38,10,11,59,2.0,47.6,39.2,29.5,68.7,771,1458,26,38.0,733,446,398,270,65,281,590,47.6,309,441,141,300,445,1178,1011,17,26,38.0,860,22.63,606,72,55,63,50,14,86,2.26,51,6,7,8,13,1,3,38,38,3420,38.0,53,1.39,163,110,69.9,14,7,17,12,31.6,5,4,1,0,20.0,crystal palace,1.0247619047619048,0.8712871287128713,0.6518121677016112,0.589507180156658,49,12
2018,Everton,23,25.7,51.5,38,418,3420,38.0,53,34,87,51,2,5,57,4.0,49.7,45.7,33.7,79.4,697,1581,23,38.0,699,441,326,290,83,220,511,43.1,291,414,85,329,453,1152,877,21,23,38.0,845,22.24,573,88,57,61,56,10,93,2.45,65,5,8,12,3,0,1,38,38,3420,38.0,46,1.21,136,89,67.6,15,9,14,14,36.8,5,2,3,0,60.0,everton fc,1.0133333333333334,1.1485148514851484,1.0739072202605626,1.0792672976501307,54,8
2018,Fulham,28,26.0,48.8,38,418,3420,38.0,33,24,57,31,2,3,72,2.0,41.3,39.0,30.0,69.0,628,1487,28,38.0,596,362,310,231,55,224,524,42.7,300,425,144,281,434,1030,1030,28,28,38.0,814,21.42,601,73,47,56,28,9,59,1.55,42,3,6,5,3,0,3,38,38,3420,38.0,81,2.13,226,146,66.4,7,5,26,5,13.2,7,5,1,1,16.7,fulham fc,0.998095238095238,1.0297029702970295,0.6250253662892163,0.5186235313315928,26,19
2018,Huddersfield,31,26.2,47.2,38,418,3420,38.0,21,13,34,20,1,1,57,4.0,28.8,28.0,19.9,47.9,601,1248,31,38.0,708,425,323,315,70,263,625,42.1,362,496,130,366,531,1239,682,15,31,38.0,683,17.97,487,74,27,43,37,15,33,0.87,23,4,0,3,3,0,3,38,38,3420,38.0,76,2.0,186,110,62.9,3,7,28,5,13.2,8,7,1,0,12.5,huddersfield town,0.9828571428571428,0.8316831683168316,0.3384877633020821,0.2803728785900783,16,20
2018,Leicester City,25,25.9,50.9,38,418,3420,38.0,48,34,82,43,5,7,63,5.0,52.4,47.3,37.6,84.9,752,1537,25,38.0,675,393,344,277,54,237,549,43.2,312,429,96,333,438,1113,1034,24,25,38.0,898,23.63,625,87,64,56,50,16,85,2.24,59,3,7,7,9,0,1,38,38,3420,38.0,48,1.26,138,90,68.8,15,7,16,10,26.3,5,5,0,0,0.0,leicester city,1.0247619047619048,1.108910891089109,0.9521490320224036,0.8854846605744127,52,9
2018,Liverpool,23,26.1,61.8,38,418,3420,38.0,86,55,141,79,7,7,41,2.0,73.7,68.4,49.8,118.2,857,2008,23,38.0,613,377,257,280,76,251,556,45.1,305,361,78,283,314,927,670,16,23,38.0,1013,26.66,747,74,77,56,45,14,149,3.92,104,10,14,10,10,1,1,38,38,3420,38.0,22,0.58,96,74,77.1,30,7,1,21,55.3,1,0,0,1,0.0,liverpool fc,0.96,0.99009900990099,2.440034092292706,2.386586161879896,97,2
2018,Manchester City,21,26.7,67.9,38,418,3420,38.0,91,71,162,88,3,4,44,1.0,84.3,81.3,65.5,146.7,1325,2429,21,38.0,518,327,214,215,89,193,467,41.3,274,319,63,256,362,880,570,15,21,38.0,1216,32.0,927,71,92,71,44,11,168,4.42,139,6,9,5,8,1,1,38,38,3420,38.0,23,0.61,81,58,76.5,32,2,4,20,52.6,4,4,0,0,0.0,manchester city,0.9371428571428572,1.4257425742574257,2.078818133852835,2.447780678851175,98,1
2018,Manchester Utd,28,26.3,54.7,38,418,3420,38.0,65,40,105,56,9,12,77,4.0,61.4,52.0,39.6,91.6,801,1668,28,38.0,581,347,280,239,62,240,544,44.1,304,445,128,317,355,936,847,26,28,38.0,957,25.18,730,61,54,53,52,7,118,3.11,81,4,12,10,10,1,1,38,38,3420,38.0,54,1.42,171,120,71.9,19,9,10,7,18.4,6,6,0,0,0.0,manchester united,0.9866666666666666,0.9108910891089108,1.7987743009050692,1.6269582245430811,66,6
2018,Newcastle Utd,24,26.9,40.4,38,418,3420,38.0,41,33,74,40,1,3,57,2.0,39.1,36.7,27.4,64.1,467,985,24,38.0,711,433,356,291,64,241,565,42.7,324,472,135,337,506,1217,1204,16,24,38.0,784,20.63,571,77,33,43,42,18,68,1.79,46,5,4,10,2,1,1,38,38,3420,38.0,48,1.26,140,93,70.0,12,9,17,11,28.9,6,6,0,0,0.0,newcastle united,1.0133333333333334,0.99009900990099,0.5365477495028208,0.4990412859007833,45,13
2018,Southampton,30,25.4,43.4,38,418,3420,38.0,44,27,71,40,4,5,75,3.0,46.9,43.4,29.3,72.7,603,1333,30,38.0,698,428,335,283,80,277,646,42.9,369,533,153,380,549,1247,1128,18,30,38.0,819,21.55,565,73,49,62,47,23,77,2.03,54,3,3,6,7,4,3,38,38,3420,38.0,65,1.71,175,112,64.0,9,12,17,7,18.4,3,2,1,0,33.3,southampton fc,0.9714285714285714,0.7524752475247525,0.6201550387596899,0.622960182767624,39,16
2018,Tottenham,28,26.8,59.0,38,418,3420,38.0,66,47,113,62,4,4,58,3.0,54.9,51.8,39.1,90.9,840,1744,28,38.0,627,373,310,237,80,268,577,46.4,309,415,112,303,325,952,823,20,28,38.0,937,24.66,676,81,62,55,46,17,115,3.03,81,9,6,11,7,1,3,38,38,3420,38.0,39,1.03,156,118,76.9,23,2,13,13,34.2,5,3,2,0,40.0,tottenham hotspur,0.9904761904761904,0.7920792079207921,2.145379276756362,1.832979765013055,71,4
2018,Watford,25,28.5,46.7,38,418,3420,38.0,51,39,90,50,1,1,80,4.0,48.2,47.5,34.8,82.3,588,1294,25,38.0,656,391,350,243,63,257,622,41.3,365,404,120,284,428,1084,1022,18,25,38.0,724,19.05,523,56,46,42,46,11,83,2.18,48,8,15,6,4,2,1,38,38,3420,38.0,59,1.55,180,123,69.4,14,8,16,7,18.4,5,4,1,0,20.0,watford fc,1.0171428571428571,1.2673267326732671,0.4975851292666098,0.4877203002610966,50,11
2018,West Ham,26,27.6,48.6,38,418,3420,38.0,51,33,84,46,5,5,59,1.0,47.6,43.8,34.1,77.9,731,1478,26,38.0,723,393,385,279,59,295,697,42.3,402,488,142,346,457,1180,926,16,26,38.0,772,20.32,545,77,43,54,36,17,88,2.32,60,5,7,10,5,1,1,38,38,3420,38.0,55,1.45,198,143,74.2,15,7,16,7,18.4,5,4,1,0,20.0,west ham united,1.0323809523809524,0.9504950495049505,0.7873696172734282,0.7322943864229766,52,10
2018,Wolves,21,26.1,46.8,38,418,3420,38.0,46,35,81,42,4,4,73,1.0,52.1,49.0,39.4,88.4,743,1350,21,38.0,720,408,385,284,51,283,664,42.6,381,499,148,351,501,1221,895,23,21,38.0,828,21.79,605,69,53,48,40,13,82,2.16,58,6,4,6,8,0,3,38,38,3420,38.0,46,1.21,141,99,69.5,16,9,13,9,23.7,4,3,0,1,0.0,wolverhampton wanderers,0.9333333333333332,1.0297029702970295,0.6144729899752426,0.617860639686684,57,7
2019,Arsenal,29,25.8,53.8,38,418,3420,38.0,56,35,91,53,3,3,88,5.0,47.0,44.6,31.4,76.1,815,1641,29,38.0,584,336,296,217,71,249,612,40.7,363,398,141,257,351,935,754,18,29,38.0,709,18.66,501,59,52,48,33,16,85,2.24,57,5,4,9,4,6,2,38,38,3420,38.0,48,1.26,193,144,78.8,14,14,10,10,26.3,8,7,1,0,12.5,arsenal fc,0.9636681562074996,1.0344827586206895,1.4936247723132972,1.464047531851738,56,8
2019,Aston Villa,28,25.7,44.1,38,418,3420,38.0,40,32,72,39,1,3,70,1.0,44.3,41.8,34.2,76.0,639,1247,28,38.0,523,291,285,174,64,223,597,37.4,374,456,184,272,423,946,928,26,28,38.0,828,21.79,599,88,42,36,56,7,72,1.89,48,8,5,4,7,0,4,38,38,3420,38.0,67,1.76,182,115,65.9,9,8,21,7,18.4,6,5,1,0,16.7,aston villa,1.0180687779288904,0.9482758620689656,0.5698005698005698,0.5582486844895048,35,17
2019,Bournemouth,27,25.2,44.1,38,418,3420,38.0,38,24,62,34,4,4,78,3.0,44.8,41.7,30.6,72.3,601,1256,27,38.0,507,299,254,206,47,207,567,36.5,360,439,160,279,475,982,1008,16,27,38.0,669,17.61,472,69,34,39,47,8,63,1.66,36,6,7,8,6,0,2,38,38,3420,38.0,65,1.71,192,126,68.8,9,7,22,5,13.2,6,5,1,0,16.7,afc bournemouth,0.98698270837381,0.7327586206896552,0.6520013077390128,0.6557795724831827,34,18
2019,Brighton,25,26.4,52.2,38,418,3420,38.0,35,24,59,34,1,2,59,2.0,45.4,43.8,31.6,75.4,669,1675,25,38.0,641,379,295,269,77,245,642,38.2,397,437,137,300,419,1060,750,15,25,38.0,804,21.16,599,73,39,48,40,5,65,1.71,44,9,5,2,5,0,1,38,38,3420,38.0,54,1.42,168,116,69.0,9,14,15,9,23.7,2,2,0,0,0.0,brighton & hove albion,0.9830969496794248,1.25,0.4166082854607445,0.4837512769607371,41,15
2019,Burnley,22,28.0,41.9,38,418,3420,38.0,41,30,71,38,3,3,67,0.0,47.4,45.3,32.4,77.7,437,890,22,38.0,547,344,238,241,68,240,585,41.0,345,450,175,275,387,934,901,15,22,38.0,667,17.55,459,83,27,44,45,9,71,1.87,47,10,4,6,3,1,1,38,38,3420,38.0,50,1.32,167,117,72.5,15,9,14,15,39.5,5,4,1,0,20.0,burnley fc,1.041383330095201,0.5172413793103449,0.4371584699453552,0.3948458973419942,54,10
2019,Chelsea,27,25.5,60.4,38,418,3420,38.0,69,46,115,62,7,7,60,0.0,69.2,64.4,46.7,111.1,983,1897,27,38.0,638,362,304,258,76,246,604,40.7,358,361,91,270,459,1097,631,14,27,38.0,1121,29.5,847,86,57,64,52,15,123,3.24,86,6,10,9,10,2,2,38,38,3420,38.0,54,1.42,115,64,54.8,20,6,12,9,23.7,2,2,0,0,0.0,chelsea fc,0.9597823975131144,0.9913793103448276,1.8317687170146189,1.7006466721921325,66,4
2019,Crystal Palace,25,29.4,44.8,38,418,3420,38.0,29,20,49,26,3,3,62,2.0,35.8,33.6,26.0,59.5,596,1223,25,38.0,686,390,367,244,75,316,711,44.4,395,399,135,264,444,1130,856,18,25,38.0,643,16.92,427,68,57,36,46,9,53,1.39,37,3,4,4,5,0,2,38,38,3420,38.0,50,1.32,172,124,70.9,11,10,17,10,26.3,1,0,0,1,0.0,crystal palace,1.0646978822615114,0.7758620689655172,0.5361729951893887,0.4561641063202329,43,14
2019,Everton,24,25.5,49.0,38,418,3420,38.0,42,32,74,41,1,1,76,3.0,50.8,50.0,38.1,88.1,623,1430,24,38.0,671,408,328,262,81,282,672,42.0,390,372,111,261,408,1079,778,13,24,38.0,805,21.18,536,86,47,69,51,16,67,1.76,47,4,4,9,3,0,1,38,38,3420,38.0,56,1.47,147,94,63.9,13,10,15,9,23.7,4,3,0,1,0.0,everton fc,1.0297260540120456,0.9482758620689656,1.1227873522955492,1.01325629806673,49,12
2019,Leicester City,24,26.1,57.1,38,418,3420,38.0,65,48,113,60,5,7,43,3.0,62.2,56.7,44.9,101.6,739,1612,24,38.0,742,432,347,320,75,298,725,41.1,427,420,92,328,423,1165,767,16,24,38.0,969,25.5,707,73,75,48,56,10,116,3.05,91,3,11,4,5,2,1,38,38,3420,38.0,41,1.08,135,94,75.6,18,8,12,13,34.2,10,8,2,0,20.0,leicester city,1.0258402953176606,0.9051724137931034,1.2003175937602168,0.990487847188759,62,5
2019,Liverpool,24,26.6,62.9,38,418,3420,38.0,83,69,152,78,5,5,38,1.0,68.9,65.0,53.0,118.0,967,1941,24,38.0,550,325,195,243,112,217,588,36.9,371,302,68,234,352,902,634,25,24,38.0,1044,27.47,800,77,60,54,36,17,148,3.89,108,11,10,9,8,2,2,38,38,3418,38.0,33,0.87,107,75,70.1,32,3,3,15,39.5,1,1,0,0,0.0,liverpool fc,0.9248105692636488,1.3793103448275863,1.672037737611508,2.409359881266745,99,1
2019,Manchester City,24,26.9,66.2,38,418,3420,38.0,100,69,169,94,6,11,64,4.0,92.0,83.6,68.4,152.0,1199,2460,24,38.0,514,301,204,210,100,230,605,38.0,375,292,66,226,352,866,495,21,24,38.0,1356,35.68,1040,72,101,75,53,15,173,4.55,123,6,16,14,12,2,2,38,38,3418,38.0,35,0.92,110,76,70.9,26,3,9,17,44.7,3,3,0,0,0.0,manchester city,0.98698270837381,1.0775862068965518,2.798561487086077,2.5298278753300827,81,2
2019,Manchester Utd,29,24.8,55.8,38,418,3420,38.0,65,43,108,55,10,14,73,0.0,62.2,51.2,38.5,89.7,926,1788,29,38.0,579,333,267,231,81,254,634,40.1,380,360,99,261,379,958,703,14,29,38.0,978,25.74,766,50,62,36,56,8,112,2.95,86,4,7,2,12,1,1,38,38,3420,38.0,36,0.95,131,96,74.8,18,12,8,13,34.2,3,3,0,0,0.0,manchester united,0.9481251214299592,1.1637931034482758,1.4562608005230957,1.6153553323952896,66,3
2019,Newcastle Utd,28,26.5,39.0,38,418,3420,38.0,38,29,67,38,0,1,66,3.0,35.5,34.8,26.9,61.7,537,844,28,38.0,603,357,364,198,41,273,632,43.2,359,402,152,250,391,994,988,19,28,38.0,705,18.55,491,75,55,38,37,9,62,1.63,41,6,4,6,4,1,1,38,38,3420,38.0,58,1.53,195,139,71.3,11,11,16,11,28.9,2,2,0,0,0.0,newcastle united,1.0336118127064309,1.0775862068965518,0.5754051655691,0.6083151828222279,44,13
2019,Norwich City,30,26.0,49.3,38,418,3420,38.0,25,18,43,23,2,2,68,3.0,37.0,35.4,27.4,62.8,673,1169,30,38.0,628,379,359,210,59,267,700,38.1,433,453,171,282,397,1025,959,20,30,38.0,717,18.87,522,56,47,47,35,10,43,1.13,34,2,2,2,1,2,3,38,38,3420,38.0,75,1.97,210,135,66.2,5,6,27,5,13.2,7,4,3,0,42.9,norwich city,1.0102972605401204,1.0775862068965518,0.3568259305964224,0.3501522715444961,21,20
2019,Sheffield Utd,26,26.9,43.1,38,418,3420,38.0,36,25,61,35,1,1,63,2.0,43.0,42.2,34.0,76.3,493,1352,26,38.0,611,377,304,229,78,261,646,40.4,385,336,106,230,420,1031,931,16,26,38.0,630,16.58,457,62,44,38,23,6,63,1.66,47,3,6,6,1,0,2,38,38,3420,38.0,39,1.03,139,99,72.7,14,12,12,13,34.2,3,1,1,1,50.0,sheffield united,1.084126675733437,0.6896551724137931,0.3811125122600532,0.3339372795435709,54,9
2019,Southampton,25,25.9,48.9,38,418,3420,38.0,51,32,83,49,2,5,55,4.0,56.1,52.1,36.4,88.5,628,1335,25,38.0,706,416,325,287,94,324,793,40.9,469,488,124,364,425,1131,867,21,25,38.0,843,22.18,560,74,70,53,60,26,77,2.03,41,3,15,8,7,3,2,38,38,3420,38.0,60,1.58,168,108,66.1,15,7,16,9,23.7,4,3,1,0,25.0,southampton fc,0.9714396735962696,0.8620689655172414,0.546448087431694,0.5077725949769666,52,11
2019,Tottenham,29,26.7,52.0,38,418,3420,38.0,56,39,95,53,3,4,84,3.0,47.9,44.7,32.6,77.3,768,1410,29,38.0,665,415,331,281,53,253,681,37.2,428,441,148,293,381,1046,894,24,29,38.0,779,20.5,589,43,54,37,38,18,94,2.47,62,3,13,10,4,2,2,38,38,3420,38.0,47,1.24,181,134,76.8,16,11,11,8,21.1,7,5,2,0,28.6,tottenham hotspur,0.9830969496794248,0.9482758620689656,2.093316519546028,1.9438715522060104,59,6
2019,Watford,26,28.9,42.9,38,418,3420,38.0,35,21,56,28,7,8,80,3.0,48.9,42.6,31.4,74.0,578,1168,26,38.0,657,369,347,249,61,267,713,37.4,446,396,135,261,424,1081,869,4,26,38.0,725,19.08,498,69,45,42,56,15,58,1.53,34,6,3,4,8,3,1,38,38,3420,38.0,64,1.68,178,116,68.5,8,10,20,9,23.7,9,8,1,0,11.1,watford fc,1.0180687779288904,1.1637931034482758,0.4334220727663351,0.4809082323008423,34,19
2019,West Ham,29,27.4,44.1,38,418,3420,38.0,49,36,85,45,4,4,64,1.0,48.6,45.4,36.7,82.2,667,1377,29,38.0,696,417,374,263,59,300,745,40.3,445,383,117,266,421,1117,789,16,29,38.0,735,19.34,514,78,42,42,47,12,89,2.34,62,7,5,7,8,0,4,38,38,3420,38.0,62,1.63,187,127,69.5,10,9,19,7,18.4,6,5,1,0,16.7,west ham united,1.0491548474839711,1.1637931034482758,0.746345336509271,0.731481659952584,39,16
2019,Wolves,21,26.6,48.3,38,418,3420,38.0,49,34,83,45,4,4,61,2.0,54.1,51.0,37.5,88.5,858,1338,21,38.0,646,367,358,227,61,281,685,41.0,404,378,109,269,437,1083,702,23,21,38.0,801,21.08,541,70,79,47,46,18,83,2.18,53,6,9,8,7,0,1,38,38,3420,38.0,40,1.05,129,88,69.8,15,14,9,13,34.2,3,1,2,0,66.7,wolverhampton wanderers,0.9170390518748786,1.293103448275862,0.6800242865816637,0.7717902507661765,59,7
2020,Arsenal,29,25.9,53.5,38,418,3420,38.0,53,38,91,47,6,6,49,5.0,51.7,47.0,35.1,82.1,758,1760,29,38.0,456,252,206,184,66,212,547,38.8,335,368,113,255,351,807,643,16,29,38.0,813,21.39,623,44,49,45,46,6,95,2.5,69,2,8,6,8,2,3,38,38,3417,38.0,39,1.03,129,93,71.3,18,7,13,12,31.6,3,2,1,0,33.3,arsenal fc,0.968118195956454,1.1464968152866242,1.2861006892941278,1.3531230538954868,61,8
2020,Aston Villa,24,25.2,48.5,38,418,3420,38.0,52,38,90,47,5,6,71,4.0,52.5,47.9,37.4,85.3,629,1420,24,38.0,530,282,262,202,66,250,571,43.8,321,438,159,279,387,917,783,17,24,38.0,940,24.74,670,91,63,47,58,11,94,2.47,66,8,4,6,9,1,1,38,38,3420,38.0,46,1.21,186,133,78.0,16,7,15,15,39.5,6,5,1,0,16.7,aston villa,0.9292379471228616,1.019108280254777,0.7093621848006283,0.9411224857695376,55,11
2020,Brighton,27,25.8,51.1,38,418,3420,38.0,39,24,63,33,6,9,49,6.0,50.9,43.8,33.2,77.0,685,1516,27,38.0,628,334,297,251,80,252,603,41.8,351,417,97,320,425,1053,604,8,27,38.0,847,22.29,628,75,34,55,42,13,63,1.66,47,6,1,4,5,0,2,38,38,3420,38.0,46,1.21,125,81,68.0,9,14,15,12,31.6,7,6,0,1,0.0,brighton & hove albion,0.968118195956454,1.2738853503184713,0.5505627781170928,0.634552983207508,41,16
2020,Burnley,25,28.3,42.1,38,418,3420,38.0,32,20,52,29,3,3,48,0.0,39.3,36.9,27.7,64.6,389,1012,25,38.0,507,293,241,203,63,229,564,40.6,335,440,180,260,416,923,824,11,25,38.0,666,17.53,471,71,28,36,51,9,52,1.37,32,6,4,3,5,2,3,38,38,3420,38.0,55,1.45,179,125,70.9,10,9,19,11,28.9,3,3,0,0,0.0,burnley fc,1.0536547433903578,0.4670912951167728,0.3603524997818689,0.289088704126561,39,17
2020,Chelsea,27,26.0,60.9,38,418,3420,38.0,56,38,94,48,8,10,51,3.0,62.4,54.5,41.5,96.0,895,1798,27,38.0,612,341,257,282,73,231,570,40.5,339,420,83,337,382,994,661,16,27,38.0,1018,26.79,790,81,42,55,43,7,95,2.5,69,6,4,6,10,0,3,38,38,3420,38.0,36,0.95,107,71,69.2,19,10,9,18,47.4,4,3,1,0,25.0,chelsea fc,0.9992223950233282,0.9766454352441614,1.989355204606928,1.9429907461023284,67,4
2020,Crystal Palace,24,29.1,40.6,38,418,3420,38.0,39,29,68,36,3,4,56,2.0,34.1,31.0,23.6,54.6,526,1132,24,38.0,636,366,329,234,73,283,620,45.6,337,447,138,309,396,1032,774,13,24,38.0,618,16.26,433,54,52,23,46,10,70,1.84,49,5,6,3,5,2,2,38,38,3420,38.0,66,1.74,174,107,63.8,12,8,18,8,21.1,4,3,1,0,25.0,crystal palace,1.0964230171073095,0.7643312101910827,0.4694180263502312,0.423581597089447,44,14
2020,Everton,29,26.3,46.4,38,418,3420,38.0,45,32,77,41,4,5,59,2.0,45.7,41.9,30.7,72.6,604,1184,29,38.0,640,381,325,242,73,266,664,40.1,398,458,157,301,392,1032,847,19,29,38.0,710,18.68,514,67,34,43,46,6,80,2.11,54,9,2,10,5,0,3,38,38,3420,38.0,48,1.26,161,114,72.0,17,8,13,12,31.6,4,3,0,1,0.0,everton fc,0.979782270606532,1.1464968152866242,1.0138731349794956,1.1170230200264395,59,10
2020,Fulham,28,25.2,49.7,38,418,3420,38.0,26,18,44,23,3,6,67,3.0,40.5,35.9,26.3,62.2,727,1354,28,38.0,601,329,282,231,88,254,581,43.7,327,356,95,261,437,1038,794,13,28,38.0,785,20.66,579,65,53,35,47,6,47,1.24,33,2,4,3,4,1,2,38,38,3420,38.0,53,1.39,170,118,72.9,5,13,20,9,23.7,7,7,0,0,0.0,fulham fc,1.0497667185069983,1.2738853503184713,0.5505627781170928,0.5238776781129478,28,18
2020,Leeds United,23,26.1,57.3,38,418,3420,38.0,60,45,105,56,4,4,61,1.0,55.6,52.5,41.9,94.3,811,1633,23,38.0,740,417,378,279,83,310,769,40.3,459,406,149,257,397,1137,646,26,23,38.0,924,24.32,701,73,45,63,31,11,108,2.84,81,6,8,8,5,0,2,38,38,3420,38.0,54,1.42,198,145,76.8,18,5,15,12,31.6,9,8,1,0,11.1,leeds united,0.9758942457231728,1.019108280254777,0.5331122938661548,0.5202722634356324,59,9
2020,Leicester City,27,26.5,54.3,38,418,3420,38.0,64,45,109,54,10,12,61,0.0,55.8,46.3,33.7,80.1,666,1464,27,38.0,681,403,319,263,99,295,676,43.6,381,386,90,296,438,1119,685,9,27,38.0,863,22.71,635,49,56,46,54,23,114,3.0,85,3,8,4,10,4,1,38,38,3420,38.0,50,1.32,136,88,66.2,20,6,12,11,28.9,4,4,0,0,0.0,leicester city,1.0031104199066874,1.1464968152866242,1.114213419422389,1.1157119601437795,66,5
2020,Liverpool,28,26.8,62.1,38,418,3420,38.0,65,43,108,59,6,6,40,0.0,67.5,62.9,48.3,111.1,886,2057,28,38.0,526,303,195,231,100,220,543,40.5,323,338,58,280,347,873,563,20,28,38.0,1068,28.11,818,71,58,61,46,14,110,2.89,77,6,4,14,6,3,3,38,38,3420,38.0,42,1.11,140,97,72.9,20,9,9,12,31.6,8,4,1,3,20.0,liverpool fc,0.968118195956454,1.18895966029724,1.9675420992932555,2.1187820253690086,69,3
2020,Manchester City,24,26.1,63.5,38,418,3420,38.0,82,55,137,77,5,9,46,2.0,68.2,61.2,45.4,106.6,1096,2051,24,38.0,498,271,198,212,88,234,576,40.6,342,310,82,228,319,817,453,11,24,38.0,1067,28.08,801,61,90,57,43,15,141,3.71,100,3,17,13,6,2,3,38,38,3420,38.0,32,0.84,100,67,76.0,27,5,6,19,50.0,10,8,2,0,20.0,manchester city,0.9836702954898912,0.9766454352441614,2.531192740598552,2.2725037966109105,86,1
2020,Manchester Utd,29,25.6,55.7,38,418,3420,38.0,70,51,121,60,10,11,64,1.0,60.1,51.4,41.6,93.1,877,1832,29,38.0,551,311,252,239,60,231,572,40.4,341,418,116,302,386,937,634,20,29,38.0,953,25.08,720,73,46,58,46,10,127,3.34,94,5,8,9,9,2,2,38,38,3420,38.0,44,1.16,141,98,71.6,21,11,6,13,34.2,4,4,0,0,0.0,manchester united,0.9875583203732504,1.1040339702760085,1.7223627955675769,1.6826361044040683,74,2
2020,Newcastle Utd,27,27.1,38.8,38,418,3420,38.0,44,26,70,38,6,7,65,3.0,43.4,37.8,29.0,66.8,467,903,27,38.0,512,268,257,213,42,207,547,37.8,340,423,160,263,362,874,908,10,27,38.0,688,18.11,454,85,51,36,56,6,75,1.97,46,7,6,7,7,2,2,38,38,3420,38.0,62,1.63,188,128,69.1,12,9,17,7,18.4,5,4,1,0,20.0,newcastle united,1.0653188180404354,0.8067940552016984,0.6753337405112992,0.5579652350621115,45,12
2020,Sheffield Utd,27,26.7,41.7,38,418,3420,38.0,19,13,32,16,3,4,73,3.0,32.6,29.5,24.9,54.4,491,1196,27,38.0,634,356,325,239,70,294,720,40.8,426,442,152,290,351,985,839,19,27,38.0,567,14.92,435,48,27,29,23,5,27,0.71,16,3,2,3,3,0,1,38,38,3420,38.0,63,1.66,206,145,70.9,7,2,29,5,13.2,4,3,0,1,0.0,sheffield united,0.9875583203732504,0.6794055201698513,0.3271965797050868,0.32743720569437,23,20
2020,Southampton,29,26.6,52.0,38,418,3420,38.0,47,33,80,42,5,6,52,3.0,41.2,36.6,25.8,62.5,626,1195,29,38.0,727,419,335,325,67,341,731,46.6,390,439,95,344,401,1128,681,10,29,38.0,728,19.16,513,63,42,47,51,12,83,2.18,49,8,6,7,11,2,2,38,38,3420,38.0,68,1.79,178,110,66.3,12,7,19,9,23.7,9,8,1,0,11.1,southampton fc,0.9720062208398136,0.9341825902335456,0.6325800540965012,0.6179462246938129,43,15
2020,Tottenham,24,27.2,51.6,38,418,3420,38.0,66,50,116,61,5,5,57,2.0,53.1,49.2,35.3,84.4,633,1330,24,38.0,636,361,313,244,79,277,683,40.6,406,434,147,287,342,978,795,15,24,38.0,786,20.68,553,55,56,49,56,17,120,3.16,86,6,13,8,6,1,1,38,38,3420,38.0,45,1.18,155,113,77.4,18,8,12,12,31.6,10,10,0,0,0.0,tottenham hotspur,0.979782270606532,0.9766454352441614,1.4972515487304772,1.5372177124190147,62,7
2020,West Brom,30,26.4,37.9,38,418,3420,38.0,33,20,53,29,4,4,51,4.0,35.8,32.7,24.4,57.1,441,1027,30,38.0,581,328,329,192,60,271,656,41.3,385,455,159,296,435,1016,876,13,30,38.0,568,14.95,407,60,26,27,39,9,53,1.39,40,3,1,3,5,1,2,38,38,3420,38.0,76,2.0,240,166,71.3,5,11,22,6,15.8,11,7,1,3,12.5,west bromwich albion,1.0342146189735617,0.7643312101910827,0.2861879417153826,0.308426837395798,26,19
2020,West Ham,24,27.8,43.2,38,418,3420,38.0,60,46,106,58,2,4,50,3.0,55.4,52.1,39.6,91.7,659,1282,24,38.0,514,280,269,195,50,224,573,39.1,349,405,124,281,437,951,779,11,24,38.0,823,21.66,576,92,37,56,53,9,106,2.79,73,12,1,13,7,0,2,38,38,3420,38.0,47,1.24,147,103,70.1,19,8,11,11,28.9,5,3,1,1,25.0,west ham united,1.0497667185069983,0.9766454352441614,0.7494982985777855,0.7317899245048017,65,6
2020,Wolves,27,26.3,49.3,38,418,3420,38.0,34,21,55,30,4,4,55,1.0,36.5,33.4,24.1,57.6,800,1283,27,38.0,588,335,322,220,46,277,611,45.3,334,359,117,242,432,1020,727,15,27,38.0,821,21.61,572,74,68,47,46,14,63,1.66,39,4,7,7,5,1,2,38,38,3420,38.0,52,1.37,152,102,70.4,12,9,17,10,26.3,8,7,1,0,12.5,wolverhampton wanderers,0.948678071539658,1.358811040339703,1.0339411918680743,0.9839504419364355,45,13
2021,Arsenal,27,24.4,52.8,38,418,3420,38.0,60,41,101,55,5,8,67,4.0,60.5,55.1,40.2,95.4,734,1655,27,38.0,540,311,261,195,84,244,500,48.8,256,386,123,263,296,836,658,20,27,38.0,1030,27.11,788,68,57,66,39,12,99,2.61,69,8,4,13,4,1,2,38,38,3420,38.0,48,1.26,147,100,70.7,22,3,13,13,34.2,6,5,0,1,0.0,arsenal fc,0.9435816787890702,0.979591836734694,1.309164149043303,1.3131064321973995,69,5
2021,Aston Villa,31,26.1,46.5,38,418,3420,38.0,50,42,92,47,3,3,81,2.0,44.0,42.0,34.8,76.8,653,1300,31,38.0,634,382,300,259,75,300,649,46.2,349,453,140,313,339,973,693,13,31,38.0,837,22.03,608,85,49,41,48,6,93,2.45,65,9,9,7,3,0,3,38,38,3420,38.0,54,1.42,149,96,66.4,13,6,19,11,28.9,6,4,1,1,20.0,aston villa,0.9750344014153726,0.8571428571428571,0.9711458470160688,1.0447233705314114,45,14
2021,Brentford,29,25.4,44.8,38,418,3420,38.0,46,33,79,40,6,6,65,3.0,45.8,41.1,33.0,74.1,450,1189,29,38.0,607,342,299,228,80,291,616,47.2,325,383,113,270,393,1000,863,7,29,38.0,739,19.45,487,96,37,62,43,14,78,2.05,46,11,4,8,9,0,3,38,38,3420,38.0,56,1.47,179,125,71.5,13,7,18,9,23.7,5,5,0,0,0.0,brentford fc,0.9711028110870848,1.1020408163265305,0.6296247646569464,0.5853877953177544,46,13
2021,Brighton,26,26.2,54.4,38,418,3420,38.0,40,30,70,36,4,7,72,2.0,46.2,40.7,32.3,72.9,676,1547,26,38.0,668,403,306,257,105,243,563,43.2,320,480,150,330,358,1026,723,12,26,38.0,870,22.89,630,84,49,55,40,12,72,1.89,49,8,4,6,4,1,2,38,38,3419,38.0,44,1.16,146,102,71.9,12,15,11,11,28.9,4,3,0,1,0.0,brighton & hove albion,0.967171220758797,1.2653061224489797,0.6480143613993607,0.6811317925760918,51,9
2021,Burnley,23,28.5,40.2,38,418,3420,38.0,32,26,58,31,1,2,68,2.0,39.7,38.1,31.2,69.3,388,972,23,38.0,590,324,273,235,82,250,534,46.8,284,509,211,298,410,1000,887,18,23,38.0,674,17.74,455,81,28,50,50,10,60,1.58,39,9,5,3,4,0,2,38,38,3420,38.0,53,1.39,178,127,73.0,7,14,17,9,23.7,5,5,0,0,0.0,burnley fc,1.096913701592294,0.6530612244897959,0.3450238626910109,0.2952642063101077,35,18
2021,Chelsea,26,27.4,61.8,38,418,3420,38.0,75,52,127,67,8,9,63,1.0,63.4,56.6,44.9,101.5,894,1967,26,38.0,621,348,267,269,85,257,567,45.3,310,408,96,312,347,968,641,15,26,38.0,1064,28.0,818,62,48,75,49,12,135,3.55,97,9,8,10,9,2,2,38,38,3420,38.0,33,0.87,115,83,76.5,21,11,6,16,42.1,6,6,0,0,0.0,chelsea fc,1.006487124041675,1.020408163265306,1.8196943824160428,1.9587893846252704,74,3
2021,Crystal Palace,24,27.1,51.1,38,418,3420,38.0,50,31,81,44,6,8,69,1.0,46.4,40.1,31.0,71.1,592,1229,24,38.0,637,374,323,236,78,273,575,47.5,302,452,135,317,333,970,761,5,24,38.0,711,18.71,500,63,43,46,43,16,81,2.13,53,3,7,8,9,1,2,38,38,3420,38.0,46,1.21,144,99,70.1,11,15,12,12,31.6,4,3,1,0,25.0,crystal palace,1.041871436996265,0.6530612244897959,0.7189456631201016,0.5805684665966971,48,12
2021,Everton,33,26.7,40.0,38,418,3420,38.0,42,29,71,36,6,7,82,6.0,41.2,35.8,28.5,64.3,512,1100,33,38.0,705,402,369,252,84,336,735,45.7,399,496,140,356,365,1070,815,15,33,38.0,742,19.53,533,69,43,42,45,10,68,1.79,46,4,4,6,8,0,2,38,38,3420,38.0,66,1.74,188,127,66.0,11,6,21,8,21.1,2,2,0,0,0.0,everton fc,1.022213485354826,0.979591836734694,0.9991680896711764,1.02608863280999,39,16
2021,Leeds United,29,26.1,52.3,38,418,3420,38.0,42,26,68,37,5,5,101,3.0,44.4,40.4,31.3,71.8,671,1483,29,38.0,787,437,396,298,93,408,886,46.0,478,473,143,330,395,1182,621,15,29,38.0,825,21.71,589,68,52,60,42,14,66,1.74,36,2,10,10,5,3,2,38,38,3420,38.0,79,2.08,224,146,67.0,9,11,18,5,13.2,5,5,0,0,0.0,leeds united,0.9435816787890702,0.8163265306122449,0.7495949910241254,0.6413991046758198,38,17
2021,Leicester City,28,26.5,52.0,38,418,3420,38.0,62,46,108,60,2,2,55,1.0,47.8,46.2,34.2,80.4,622,1356,28,38.0,690,384,336,270,84,306,720,42.5,414,469,146,323,367,1057,777,15,28,38.0,745,19.61,566,41,48,42,33,15,105,2.76,81,3,4,8,5,4,2,38,38,3420,38.0,59,1.55,192,132,72.9,14,10,14,7,18.4,9,7,2,0,22.2,leicester city,1.0104187143699628,1.0612244897959184,1.1524147291912954,1.1278300169211986,52,8
2021,Liverpool,27,27.7,62.7,38,418,3420,38.0,94,71,165,87,7,8,50,1.0,88.7,82.7,63.5,146.2,885,2243,27,38.0,554,320,207,240,107,233,576,40.5,343,359,74,285,340,894,523,8,27,38.0,1249,32.87,912,105,63,104,49,16,163,4.29,121,9,9,19,5,0,2,38,38,3420,38.0,26,0.68,107,82,75.7,28,8,2,21,55.3,0,0,0,0,0.0,liverpool fc,0.9632396304305092,1.183673469387755,1.6419282805727045,1.9682138496797823,92,2
2021,Manchester City,26,27.0,67.9,38,418,3420,38.0,96,63,159,89,7,9,42,1.0,88.7,81.4,65.5,146.9,1145,2421,26,38.0,498,284,183,214,101,227,509,44.6,282,267,55,212,279,777,403,7,26,38.0,1286,33.84,997,78,70,88,42,11,158,4.16,112,10,6,19,8,3,2,38,38,3420,38.0,26,0.68,85,59,70.6,29,6,3,21,55.3,1,1,0,0,0.0,manchester city,0.9711028110870848,0.9387755102040816,2.2540391435702083,2.141923876025446,93,1
2021,Manchester Utd,29,27.2,52.7,38,418,3420,38.0,56,46,102,53,3,5,77,2.0,55.8,51.9,42.5,94.3,784,1568,29,38.0,585,358,320,197,68,265,608,43.6,343,404,133,271,340,925,704,20,29,38.0,917,24.13,706,65,56,38,39,13,104,2.74,77,6,6,7,5,3,1,38,38,3420,38.0,57,1.5,180,124,70.0,16,10,12,8,21.1,5,3,2,0,40.0,manchester united,1.022213485354826,1.183673469387755,1.5666185034371032,1.6474607492449718,58,6
2021,Newcastle Utd,29,27.5,40.4,38,418,3420,38.0,41,23,64,38,3,3,81,2.0,38.1,35.9,25.8,61.7,544,923,29,38.0,659,383,334,266,59,304,641,47.4,337,420,162,258,360,1019,776,14,29,38.0,758,19.95,504,81,61,57,44,11,70,1.84,46,4,5,9,6,0,3,38,38,3420,38.0,62,1.63,165,104,65.5,13,10,15,8,21.1,6,5,1,0,16.7,newcastle united,1.096913701592294,0.7755102040816326,0.8082665615832567,0.6723499046843875,49,11
2021,Norwich City,28,26.2,42.9,38,418,3420,38.0,21,16,37,18,3,3,57,1.0,32.3,30.0,24.3,54.3,566,1031,28,38.0,614,368,322,242,50,297,714,41.6,417,450,180,270,381,995,860,14,28,38.0,637,16.76,435,67,41,33,50,11,35,0.92,27,2,1,1,3,1,2,38,38,3420,38.0,84,2.21,222,139,66.2,5,7,26,6,15.8,12,9,1,2,10.0,norwich city,0.9711028110870848,1.183673469387755,0.3178773151188755,0.3495619765673528,22,20
2021,Southampton,25,25.7,47.7,38,418,3420,38.0,41,26,67,37,4,4,65,2.0,44.8,41.6,32.5,74.1,728,1326,25,38.0,602,340,285,243,74,248,581,42.7,333,430,132,298,446,1048,795,13,25,38.0,814,21.42,585,68,43,51,49,18,71,1.87,44,5,6,4,9,3,3,38,38,3420,38.0,67,1.76,183,118,64.5,9,13,16,8,21.1,2,2,0,0,0.0,southampton fc,1.006487124041675,0.7755102040816326,0.7277026139498226,0.5875297191937798,40,15
2021,Tottenham,25,26.5,51.8,38,418,3420,38.0,63,50,113,58,5,5,69,1.0,61.2,57.3,47.0,104.4,791,1459,25,38.0,598,349,286,244,68,262,584,44.9,322,470,161,309,355,953,793,15,25,38.0,882,23.21,678,51,46,61,37,9,117,3.08,95,3,4,8,6,1,1,38,38,3420,38.0,40,1.05,137,98,72.3,22,5,11,16,42.1,2,2,0,0,0.0,tottenham hotspur,0.9435816787890702,1.0612244897959184,1.3415648671132712,1.4765352239381413,71,4
2021,Watford,30,28.4,40.7,38,418,3420,38.0,33,26,59,32,1,2,63,3.0,40.0,38.4,32.5,70.9,557,1070,30,38.0,614,356,341,213,60,278,626,44.4,348,440,148,292,444,1058,899,19,30,38.0,693,18.24,475,59,48,43,52,16,57,1.5,36,5,4,7,3,2,2,38,38,3420,38.0,77,2.03,188,113,62.2,6,5,27,4,10.5,7,6,1,0,14.3,watford fc,1.0379398466679772,1.469387755102041,0.2907307675467402,0.3345685094351746,23,19
2021,West Ham,25,28.2,47.9,38,418,3420,38.0,58,46,104,54,4,6,52,3.0,51.4,46.8,37.4,84.2,646,1449,25,38.0,534,301,273,199,62,240,557,43.1,317,420,175,245,374,908,781,5,25,38.0,770,20.26,569,68,47,50,28,8,102,2.68,72,10,5,9,5,1,2,38,38,3420,38.0,51,1.34,165,113,70.3,16,8,14,8,21.1,6,2,3,1,60.0,west ham united,1.0340082563396895,0.8163265306122449,0.8397915845702525,0.7601687836014307,56,7
2021,Wolves,26,27.3,49.5,38,418,3420,38.0,35,22,57,34,1,1,62,2.0,37.5,36.8,26.4,63.2,723,1283,26,38.0,673,377,377,242,54,273,671,40.7,398,437,135,302,389,1062,820,20,26,38.0,692,18.21,496,44,65,37,31,19,58,1.53,37,4,5,8,2,2,2,38,38,3420,38.0,43,1.13,167,125,79.6,15,6,17,11,28.9,10,9,0,1,0.0,wolverhampton wanderers,0.9750344014153726,1.2244897959183674,0.8686895223083322,0.8073982050677918,51,10
2022,Arsenal,26,24.7,59.3,38,418,3420,38.0,84,64,148,81,3,4,51,0.0,71.6,68.9,53.5,122.4,824,2049,26,38.0,568,343,238,212,118,249,510,48.8,261,362,86,276,237,805,599,23,26,38.0,1045,27.5,775,78,58,73,43,18,150,3.95,121,6,5,13,3,2,1,38,38,3420,38.0,43,1.13,136,94,70.6,26,6,6,14,36.8,5,3,0,2,0.0,arsenal fc,0.9385999217833398,0.9727626459143968,1.718592240011539,1.7668468850489416,84,2
2022,Aston Villa,26,27.0,49.3,38,418,3420,38.0,49,35,84,46,3,4,80,1.0,50.3,47.2,38.8,86.0,637,1242,26,38.0,632,338,305,251,76,312,648,48.1,336,438,118,320,324,956,714,14,26,38.0,751,19.76,565,50,48,38,40,10,84,2.21,55,2,6,12,6,3,2,38,38,3420,38.0,46,1.21,151,108,72.8,18,7,13,12,31.6,6,5,1,0,16.7,aston villa,0.993351583887368,0.8949416342412452,0.8546083946343574,0.9002968302766882,61,7
2022,Bournemouth,31,26.3,40.4,38,418,3420,38.0,37,24,61,37,0,0,68,0.0,38.5,38.5,28.4,66.9,504,1006,31,38.0,618,371,316,249,53,256,614,41.7,358,499,170,329,353,971,1027,11,31,38.0,616,16.21,444,45,53,43,24,7,64,1.68,44,5,4,8,2,1,2,38,38,3420,38.0,71,1.87,204,136,68.1,11,6,21,8,21.1,7,6,0,1,0.0,afc bournemouth,0.9777082518576456,0.8949416342412452,0.4406461849127362,0.507438425386056,39,15
2022,Brentford,25,26.2,43.8,38,418,3420,38.0,56,36,92,49,7,8,57,1.0,56.3,50.1,38.4,88.5,392,1131,25,38.0,588,338,271,228,89,253,597,42.4,344,456,168,288,341,929,822,14,25,38.0,702,18.47,475,99,32,45,44,7,98,2.58,65,8,4,8,11,2,1,38,38,3420,38.0,46,1.21,197,154,77.7,15,14,9,12,31.6,2,2,0,0,0.0,brentford fc,0.9894407508799374,1.0116731517509727,0.7435453627578249,0.6558535637301671,59,9
2022,Brighton,29,26.3,60.2,38,418,3420,38.0,68,46,114,62,6,6,58,0.0,73.3,68.9,52.2,121.2,809,1849,29,38.0,616,340,270,242,104,266,561,47.4,295,392,104,288,303,919,432,15,29,38.0,1075,28.29,819,73,81,63,27,12,115,3.03,83,3,13,9,6,1,2,38,38,3420,38.0,53,1.39,131,82,64.1,18,8,12,12,31.6,8,6,2,0,25.0,brighton & hove albion,0.9425107547907704,1.0894941634241246,0.9094187220539448,0.9360754796989292,62,6
2022,Chelsea,32,26.3,58.7,38,418,3420,38.0,37,27,64,34,3,3,81,3.0,49.5,47.2,38.6,85.8,829,1737,32,38.0,740,445,363,267,110,333,656,50.8,323,466,108,358,341,1081,661,21,32,38.0,859,22.61,667,66,42,42,31,11,68,1.79,57,3,2,2,4,0,2,38,38,3420,38.0,47,1.24,159,115,71.1,11,11,16,10,26.3,1,1,0,0,0.0,chelsea fc,0.9855299178725068,1.050583657587549,1.668830232222703,1.7579243082794445,44,12
2022,Crystal Palace,26,26.7,46.3,38,418,3420,38.0,38,29,67,37,1,3,82,3.0,39.3,36.8,29.0,65.8,556,1243,26,38.0,690,421,354,246,90,281,532,52.8,251,463,119,344,359,1049,807,7,26,38.0,746,19.63,497,67,56,49,59,18,67,1.76,43,6,6,6,4,2,3,38,38,3420,38.0,49,1.29,160,114,71.9,11,12,15,9,23.7,4,4,0,0,0.0,crystal palace,0.993351583887368,0.7392996108949417,0.597144093466032,0.5707798862150606,45,11
2022,Everton,28,26.6,42.8,38,418,3420,38.0,32,24,56,29,3,3,81,2.0,45.2,42.8,32.4,75.1,500,1052,28,38.0,708,424,362,257,89,309,619,49.9,310,510,180,330,390,1098,874,17,28,38.0,735,19.34,493,84,39,54,45,20,59,1.55,41,5,5,2,4,2,2,38,38,3420,38.0,57,1.5,185,127,71.9,8,12,18,9,23.7,6,5,1,0,16.7,everton fc,1.0520140789988266,0.8171206225680934,0.7449877397951825,0.7299727905579702,36,17
2022,Fulham,29,28.2,48.8,38,418,3420,38.0,52,33,85,47,5,9,80,1.0,46.2,39.1,28.5,67.7,663,1326,29,38.0,625,350,295,229,101,299,588,50.9,289,455,125,330,340,965,749,15,29,38.0,751,19.76,528,78,29,54,47,15,90,2.37,56,9,5,11,7,2,2,38,38,3420,38.0,53,1.39,196,144,76.5,15,7,16,9,23.7,8,7,1,0,12.5,fulham fc,1.0129057489245208,1.3618677042801557,0.4529063897302755,0.5213965157779427,52,10
2022,Leeds United,29,25.3,47.0,38,418,3420,38.0,45,31,76,44,1,3,89,3.0,47.3,44.9,31.8,76.7,555,1429,29,38.0,840,480,376,343,121,412,870,47.4,458,536,131,405,392,1232,734,18,29,38.0,783,20.61,535,99,32,54,48,15,69,1.82,43,7,4,9,3,3,2,38,38,3420,38.0,78,2.05,185,108,60.5,7,10,21,5,13.2,6,5,0,1,0.0,leeds united,0.9385999217833398,1.206225680933852,0.5293523727102265,0.6098272023746422,31,19
2022,Leicester City,28,26.1,47.7,38,418,3420,38.0,49,36,85,46,3,6,63,2.0,50.5,45.7,38.4,84.1,580,1304,28,38.0,699,412,345,291,63,308,677,45.5,369,517,170,347,367,1066,777,12,28,38.0,744,19.58,540,52,50,50,38,14,87,2.29,59,2,8,8,7,3,2,38,38,3420,38.0,68,1.79,178,113,64.0,9,7,22,7,18.4,5,4,1,0,20.0,leicester city,1.0324599139616737,0.9727626459143968,0.9310543776143084,0.8669917664935156,34,18
2022,Liverpool,28,27.4,60.8,38,418,3420,38.0,71,58,129,69,2,4,57,1.0,71.5,68.4,55.6,124.1,719,1992,28,38.0,590,370,228,250,112,281,651,43.2,370,350,74,276,333,923,568,20,28,38.0,1046,27.53,778,85,56,75,33,19,129,3.39,97,9,7,8,7,1,2,38,38,3420,38.0,47,1.24,157,111,71.3,19,10,9,14,36.8,4,2,1,1,33.3,liverpool fc,1.0011732499022292,0.933852140077821,1.5015144958892257,1.4344146436269831,67,5
2022,Manchester City,24,27.2,64.7,38,418,3420,38.0,92,69,161,83,9,10,44,1.0,78.6,71.1,57.5,128.6,988,2073,24,38.0,471,272,185,198,88,212,462,45.9,250,339,95,244,223,694,402,9,24,38.0,1099,28.92,826,81,53,76,49,14,168,4.42,130,7,8,9,12,2,2,38,38,3420,38.0,33,0.87,92,60,67.4,28,5,5,13,34.2,3,3,0,0,0.0,manchester city,1.0168165819319517,0.8171206225680934,2.4304053079474977,2.031873917806283,89,1
2022,Manchester Utd,26,26.9,53.7,38,418,3420,38.0,56,42,98,53,3,3,78,2.0,67.7,65.3,52.2,117.5,711,1595,26,38.0,657,400,343,231,83,300,600,50.0,300,496,146,350,352,1009,771,11,26,38.0,1051,27.66,840,58,46,63,35,9,99,2.61,79,3,8,5,4,0,1,38,38,3420,38.0,43,1.13,142,99,71.1,23,6,9,17,44.7,3,2,1,0,33.3,manchester united,0.993351583887368,1.1673151750972763,1.2736189239867302,1.4978444468002403,75,3
2022,Newcastle Utd,27,27.3,52.3,38,418,3420,38.0,64,42,106,58,6,6,61,1.0,71.9,67.3,51.8,119.1,695,1618,27,38.0,607,360,268,254,85,307,642,47.8,335,448,116,332,333,940,680,10,27,38.0,1008,26.53,690,110,62,77,57,12,106,2.79,64,6,15,10,6,5,2,38,38,3418,38.0,33,0.87,127,94,75.6,19,14,5,14,36.8,5,2,2,1,50.0,newcastle united,1.1067657411028549,0.8560311284046693,1.0276936391172653,0.9569242729425068,71,4
2022,Nott'ham Forest,33,26.5,37.6,38,418,3420,38.0,36,22,58,33,3,6,84,0.0,39.3,34.6,26.3,61.0,436,859,33,38.0,659,387,380,201,78,296,589,50.3,293,500,156,344,349,1008,944,7,33,38.0,593,15.61,416,59,31,38,36,13,54,1.42,31,5,4,11,3,0,3,38,38,3420,38.0,68,1.79,182,112,65.9,9,11,18,8,21.1,9,6,2,1,25.0,nottingham forest,1.040281579976535,1.1284046692607004,0.5430549545651233,0.6647761404996643,38,16
2022,Southampton,36,24.7,44.5,38,418,3420,38.0,36,25,61,34,2,4,73,0.0,37.8,34.6,28.1,62.7,588,1125,36,38.0,714,426,378,279,57,297,612,48.5,315,542,165,377,427,1141,852,11,36,38.0,718,18.89,493,77,46,51,38,13,61,1.61,35,5,7,5,6,3,2,38,38,3420,38.0,73,1.92,150,81,52.7,6,7,25,4,10.5,3,2,1,0,33.3,southampton fc,0.9698865858427844,0.9727626459143968,0.6584451175537286,0.741987349376303,25,20
2022,Tottenham,29,27.6,50.0,38,418,3420,38.0,68,46,114,63,5,6,77,3.0,57.0,52.3,43.0,95.4,692,1449,29,38.0,619,353,325,215,79,275,574,47.9,299,428,148,280,340,959,762,20,29,38.0,910,23.95,692,60,46,55,38,19,116,3.05,84,7,7,9,7,2,2,38,38,3420,38.0,63,1.66,172,109,65.1,18,6,14,10,26.3,4,3,1,0,25.0,tottenham hotspur,1.0129057489245208,0.8171206225680934,1.376748882157796,1.146860313085268,60,8
2022,West Ham,25,28.2,42.1,38,418,3420,38.0,41,25,66,35,6,8,44,0.0,49.2,43.7,32.7,76.4,615,1274,25,38.0,608,336,290,226,92,270,563,48.0,293,415,139,276,408,1016,810,10,25,38.0,817,21.5,586,81,40,60,35,15,67,1.76,41,6,6,8,6,0,2,38,38,3420,38.0,55,1.45,170,115,70.0,11,7,20,9,23.7,6,4,1,1,20.0,west ham united,0.993351583887368,0.9727626459143968,0.763017452762152,0.8226439096787872,40,14
2022,Wolves,32,26.7,49.9,38,418,3420,38.0,28,12,40,25,3,3,85,6.0,36.8,34.5,25.4,60.0,610,1343,32,38.0,660,370,363,222,75,285,616,46.3,331,497,175,322,279,939,817,19,32,38.0,713,18.76,520,62,31,47,42,11,44,1.16,32,1,3,6,1,1,2,38,38,3420,38.0,58,1.53,174,115,67.8,11,8,19,11,28.9,4,2,2,0,50.0,wolverhampton wanderers,1.0089949159170903,1.3229571984435795,0.8344151161113516,0.8792713523446057,41,13
2023,Arsenal,25,25.0,58.2,38,418,3420,38.0,86,62,148,76,10,10,64,2.0,76.1,68.5,55.3,123.8,821,2106,25,38.0,610,348,257,246,107,271,543,49.9,272,412,106,306,292,902,515,18,25,38.0,1185,31.18,926,82,58,66,33,20,152,4.0,104,16,8,11,13,0,2,38,38,3420,38.0,29,0.76,83,54,67.5,28,5,5,18,47.4,3,2,1,0,33.3,arsenal fc,0.9742574257425743,0.888030888030888,2.075986058870216,1.965550452404196,89,2
2023,Aston Villa,31,26.9,53.1,38,418,3420,38.0,72,55,127,68,4,4,94,2.0,63.3,60.3,48.6,108.9,775,1451,31,38.0,547,311,269,210,68,260,550,47.3,290,389,113,276,236,783,597,13,31,38.0,912,24.0,670,77,47,73,31,14,129,3.39,92,8,8,10,8,3,2,38,38,3420,38.0,61,1.61,173,115,65.3,20,8,10,8,21.1,2,1,1,0,50.0,aston villa,0.99009900990099,0.888030888030888,1.0883743400393386,1.1623773987905313,68,4
2023,Bournemouth,30,25.7,44.4,38,418,3420,38.0,52,39,91,50,2,3,79,3.0,55.9,53.6,40.5,94.0,709,1314,30,38.0,693,410,301,281,111,325,688,47.2,363,504,153,351,357,1050,817,16,30,38.0,952,25.05,700,70,64,57,34,27,83,2.18,62,3,5,6,3,4,3,38,38,3420,38.0,67,1.76,194,127,68.6,13,9,16,9,23.7,7,6,1,0,14.3,afc bournemouth,1.0178217821782178,1.003861003861004,0.6604782773732703,0.6580499118778215,48,12
2023,Brentford,28,26.6,45.2,38,418,3420,38.0,54,38,92,51,3,3,89,2.0,58.2,56.0,42.7,98.8,505,1283,28,38.0,677,399,349,250,78,317,697,45.5,380,474,142,332,378,1055,903,18,28,38.0,804,21.16,557,102,34,55,42,14,81,2.13,57,7,3,8,6,0,2,38,38,3420,38.0,65,1.71,184,119,65.8,10,9,19,7,18.4,2,2,0,0,0.0,brentford fc,0.99009900990099,1.1196911196911197,0.7046481935194451,0.7023239358182259,39,16
2023,Brighton,30,25.9,59.8,38,418,3420,38.0,50,36,86,45,5,6,90,3.0,56.8,52.2,41.6,93.8,864,1780,30,38.0,644,366,292,252,100,307,658,46.7,351,437,140,297,288,932,603,21,30,38.0,1010,26.58,749,87,54,71,38,11,89,2.34,59,5,9,9,6,1,2,38,38,3420,38.0,62,1.63,165,105,66.1,12,12,14,6,15.8,6,6,0,0,0.0,brighton & hove albion,0.9584158415841584,1.2741312741312742,0.7384657855688601,0.8589455477006336,48,11
2023,Burnley,31,24.5,47.4,38,418,3420,38.0,40,30,70,37,3,3,77,7.0,40.6,38.3,29.7,68.0,727,1181,31,38.0,607,342,282,247,78,284,584,48.6,300,477,169,308,280,887,837,22,31,38.0,757,19.92,549,74,49,45,31,9,74,1.95,55,6,8,2,3,0,2,38,38,3420,38.0,78,2.05,244,168,70.5,5,9,24,2,5.3,7,6,1,0,14.3,burnley fc,1.001980198019802,1.1583011583011584,0.4837986127885709,0.4479489481029163,24,19
2023,Chelsea,32,24.2,58.6,38,418,3420,38.0,76,51,127,65,11,12,109,4.0,74.5,65.1,51.4,116.5,873,1615,32,38.0,663,376,325,235,103,323,630,51.3,307,448,166,282,298,961,785,24,32,38.0,980,25.79,720,62,76,46,50,26,133,3.5,89,7,11,10,12,4,2,38,38,3420,38.0,63,1.66,186,125,67.7,18,9,11,8,21.1,5,3,1,1,25.0,chelsea fc,0.8792079207920792,1.003861003861004,1.2491804410090066,1.6543382974401983,63,6
2023,Crystal Palace,26,26.8,42.3,38,418,3420,38.0,56,43,99,52,4,4,73,2.0,48.6,45.4,38.7,84.1,506,1176,26,38.0,788,464,373,301,114,337,609,55.3,272,456,122,334,323,1111,927,6,26,38.0,794,20.89,554,74,48,50,45,23,103,2.71,85,4,6,2,6,0,3,38,38,3420,38.0,58,1.53,154,98,64.3,13,10,15,10,26.3,3,3,0,0,0.0,crystal palace,0.9940594059405942,0.6563706563706564,0.7702129127989233,0.7314796008622215,49,10
2023,Everton,26,27.1,40.8,38,418,3420,38.0,40,17,57,38,2,3,82,1.0,54.0,51.6,38.1,89.8,495,1129,26,38.0,743,442,371,261,111,347,701,49.5,354,479,177,302,358,1101,882,12,26,38.0,854,22.47,592,82,31,76,41,32,60,1.58,33,5,0,13,5,4,1,38,38,3420,38.0,51,1.34,165,117,73.9,13,9,16,13,34.2,8,8,0,0,0.0,everton fc,1.0613861386138614,0.6177606177606177,0.7950584906311466,0.6416703247744531,40,15
2023,Fulham,25,28.4,50.6,38,418,3420,38.0,54,40,94,52,2,2,84,4.0,50.8,49.2,37.6,86.8,670,1467,25,38.0,679,384,339,260,80,346,678,51.0,332,437,117,320,371,1050,744,14,25,38.0,877,23.08,652,79,40,67,24,15,95,2.5,73,6,4,8,3,1,1,38,38,3420,38.0,61,1.61,190,133,72.1,13,8,17,10,26.3,8,8,0,0,0.0,fulham fc,1.0653465346534652,1.196911196911197,0.7577901238828116,0.6295494303179606,47,13
2023,Liverpool,30,26.3,61.3,38,418,3420,38.0,80,60,140,74,6,9,69,5.0,87.8,80.4,63.7,144.1,924,2110,30,38.0,677,418,274,290,113,341,768,44.4,427,475,108,367,292,969,583,19,30,38.0,1388,36.53,1045,116,66,101,43,17,131,3.45,96,8,9,10,7,1,2,38,38,3420,38.0,41,1.08,147,108,72.8,24,10,4,10,26.3,1,1,0,0,0.0,liverpool fc,0.9584158415841584,1.1583011583011584,1.4658890921011765,1.5653152415333915,82,3
2023,Luton Town,28,26.7,42.4,38,418,3420,38.0,49,33,82,44,5,5,71,0.0,42.4,38.6,29.5,68.2,675,1113,28,38.0,654,368,330,236,88,299,616,48.5,317,493,183,310,325,979,916,21,28,38.0,749,19.71,504,73,59,55,46,12,81,2.13,46,7,6,16,6,0,2,38,38,3420,38.0,85,2.24,223,142,63.7,6,8,24,2,5.3,4,4,0,0,0.0,luton town,1.0178217821782178,0.8494208494208495,0.2111874115738983,0.2307883822864593,26,18
2023,Manchester City,25,26.6,65.2,38,418,3420,38.0,94,69,163,85,9,10,53,2.0,80.5,72.9,60.2,133.1,1127,2060,25,38.0,517,305,183,221,113,222,458,48.5,236,353,75,278,233,750,457,17,25,38.0,1259,33.13,991,65,65,67,54,17,169,4.45,125,5,14,10,13,2,2,38,38,3420,38.0,34,0.89,109,76,71.6,28,7,3,13,34.2,3,3,0,0,0.0,manchester city,1.0178217821782178,0.8108108108108109,2.8040995203423167,2.391419717091772,91,1
2023,Manchester Utd,31,26.1,50.6,38,418,3420,38.0,57,36,93,51,6,7,83,1.0,56.5,51.0,40.1,91.0,758,1479,31,38.0,676,409,334,240,102,349,715,48.8,366,534,207,327,313,989,884,12,31,38.0,989,26.03,743,79,55,52,38,22,98,2.58,68,4,8,7,6,5,1,38,38,3420,38.0,58,1.53,203,146,74.9,18,6,14,9,23.7,7,7,0,0,0.0,manchester united,0.986138613861386,1.0810810810810811,1.2126022292004557,1.3240439235007766,60,8
2023,Newcastle Utd,32,27.2,52.2,38,418,3420,38.0,83,55,138,75,8,9,79,1.0,76.0,69.0,51.3,120.3,737,1557,32,38.0,661,391,316,254,91,302,681,44.3,379,497,151,346,285,946,682,16,32,38.0,983,25.87,713,69,72,67,46,16,144,3.79,90,7,18,13,13,3,3,38,38,3420,38.0,62,1.63,195,133,70.3,18,6,14,10,26.3,5,4,1,0,20.0,newcastle united,1.0415841584158416,0.8108108108108109,1.0000345077469892,1.0683585688171973,60,7
2023,Nott'ham Forest,33,25.7,40.6,38,418,3420,38.0,49,43,92,48,1,1,82,3.0,49.9,49.1,37.9,87.0,601,1141,33,38.0,728,430,437,219,72,326,609,53.5,283,489,168,321,331,1059,968,13,33,38.0,783,20.61,566,67,49,56,32,13,90,2.37,70,5,7,3,3,2,3,38,38,3420,38.0,67,1.76,163,98,61.3,9,9,20,4,10.5,4,4,0,0,0.0,nottingham forest,1.0534653465346535,1.38996138996139,0.7522688843645398,0.8211905994273697,32,17
2023,Sheffield Utd,35,25.7,35.8,38,418,3420,38.0,31,18,49,26,5,5,101,5.0,38.3,34.5,25.8,60.3,346,884,35,38.0,709,405,375,248,86,299,635,47.1,336,514,180,334,348,1057,1042,18,35,38.0,601,15.82,425,59,39,45,22,11,48,1.26,32,2,4,6,3,1,2,38,38,3420,38.0,104,2.74,263,166,62.4,3,7,28,1,2.6,7,5,0,2,0.0,sheffield united,0.9782178217821782,1.003861003861004,0.2339625245867697,0.249543009519816,16,20
2023,Tottenham,29,25.2,61.6,38,418,3420,38.0,69,58,127,67,2,2,92,4.0,68.2,66.7,57.4,124.1,957,2107,29,38.0,724,451,335,264,125,360,691,52.1,331,445,132,313,355,1079,707,24,29,38.0,1053,27.71,818,60,60,61,31,23,122,3.21,96,7,7,5,3,4,1,38,38,3420,38.0,61,1.61,167,109,67.7,20,6,12,7,18.4,7,7,0,0,0.0,tottenham hotspur,1.013861386138614,1.0810810810810811,1.411366851858242,1.373428378617432,66,5
2023,West Ham,26,28.3,41.1,38,418,3420,38.0,58,40,98,54,4,5,82,3.0,52.3,48.4,34.8,83.2,556,1207,26,38.0,684,426,350,254,80,307,607,50.6,300,487,180,307,361,1045,906,9,26,38.0,782,20.58,518,91,58,43,47,25,104,2.74,70,11,8,8,4,3,2,38,38,3420,38.0,74,1.95,241,169,72.6,14,10,14,5,13.2,10,8,2,0,20.0,west ham united,1.0534653465346535,0.7722007722007722,0.9344697884675108,0.7985048712892046,52,9
2023,Wolves,27,26.6,48.9,38,418,3420,38.0,47,36,83,43,4,4,102,4.0,46.7,43.6,31.8,75.4,671,1180,27,38.0,739,430,415,247,77,312,607,51.4,295,506,173,333,284,1023,828,16,27,38.0,743,19.55,519,67,53,47,42,15,81,2.13,52,7,7,6,7,2,2,38,38,3420,38.0,65,1.71,203,139,71.9,13,7,18,5,13.2,8,8,0,0,0.0,wolverhampton wanderers,0.9465346534653464,1.2355212355212355,0.6501259532765105,0.7251734598274248,46,14
2024,Arsenal,25,25.8,56.9,38,418,3420,38.0,67,55,122,65,2,2,70,6.0,59.9,58.4,45.3,103.6,852,1826,25,38.0,598,348,220,249,129,260,515,50.5,255,328,106,222,225,823,680,33,25,38.0,969,25.5,726,82,52,64,34,11,119,3.13,86,11,6,11,4,1,1,38,38,3420,38.0,34,0.89,120,86,74.2,20,14,4,13,34.2,3,3,0,0,0.0,arsenal fc,0.9641873278236914,1.0855949895615866,1.7754031349576749,1.8359746572187832,74,2
2024,Aston Villa,28,27.0,50.5,38,418,3420,38.0,56,45,101,53,3,6,76,4.0,56.1,51.3,41.7,93.0,720,1344,28,38.0,637,372,293,249,95,310,546,56.8,236,329,107,222,240,877,788,43,28,38.0,849,22.34,602,85,51,58,39,14,102,2.68,80,7,3,6,4,2,2,38,38,3420,38.0,51,1.34,156,104,68.6,19,9,10,9,23.7,3,2,1,0,33.3,aston villa,0.9917355371900826,1.0020876826722338,1.0685892690463163,1.0771315111812438,66,6
2024,Bournemouth,29,25.1,48.5,38,418,3420,38.0,57,41,98,51,6,7,97,3.0,64.0,58.5,43.8,102.3,754,1489,29,38.0,691,399,290,299,102,301,627,48.0,326,459,136,323,351,1042,1013,22,29,38.0,1012,26.63,767,68,44,70,42,21,93,2.45,62,6,5,8,10,2,3,38,38,3420,38.0,46,1.21,172,126,75.6,15,11,12,9,23.7,4,4,0,0,0.0,afc bournemouth,0.9720582447855176,1.0438413361169103,0.8561588721877113,0.8208072907186733,56,9
2024,Brentford,28,25.8,47.9,38,418,3420,38.0,65,44,109,60,5,6,62,1.0,59.0,54.4,42.4,96.8,598,1356,28,38.0,633,380,289,223,121,314,596,52.7,282,480,199,281,285,918,1040,28,28,38.0,780,20.53,569,74,40,51,35,11,113,2.97,78,11,5,9,9,1,2,38,38,3420,38.0,57,1.5,207,153,72.9,16,8,14,8,21.1,1,1,0,0,0.0,brentford fc,0.9602518693427784,1.1273486430062631,0.7248382632205735,0.6771739285267728,56,10
2024,Brighton,32,24.8,52.3,38,418,3420,38.0,64,41,105,57,7,7,78,3.0,58.7,53.3,40.4,93.7,816,1539,32,38.0,705,431,287,297,121,350,703,49.8,353,439,122,317,315,1020,762,29,32,38.0,933,24.55,685,70,56,53,55,14,113,2.97,78,7,10,6,10,2,2,38,38,3420,38.0,59,1.55,147,90,66.0,16,13,9,8,21.1,9,9,0,0,0.0,brighton & hove albion,0.9523809523809524,1.3778705636743216,0.8767581833982426,1.05660341522941,61,8
2024,Chelsea,29,23.7,57.1,38,418,3420,38.0,61,47,108,57,4,5,101,2.0,67.8,63.8,52.7,116.5,861,1595,29,38.0,588,371,243,244,101,273,536,50.9,263,356,103,253,272,860,695,45,29,38.0,1061,27.92,811,60,58,70,39,23,109,2.87,75,5,9,9,7,4,2,38,38,3420,38.0,43,1.13,155,111,75.5,20,9,9,11,28.9,6,5,1,0,16.7,chelsea fc,0.8815426997245178,1.2526096033402925,1.3254369307026297,1.8834567604227173,69,4
2024,Crystal Palace,29,26.2,42.8,38,418,3420,38.0,49,38,87,46,3,4,80,4.0,60.4,57.3,46.4,103.7,510,1158,29,38.0,767,450,374,300,93,324,643,50.4,319,485,144,341,334,1101,1088,19,29,38.0,877,23.08,633,76,33,71,48,16,89,2.34,60,8,6,8,6,1,1,38,38,3420,38.0,51,1.34,150,101,66.7,13,14,11,11,28.9,2,1,1,0,50.0,crystal palace,1.0310901219992128,0.7515657620041754,0.8477904020084329,0.8338648690997552,53,12
2024,Everton,26,28.0,40.9,38,418,3420,38.0,39,27,66,37,2,2,82,2.0,41.8,40.2,32.2,72.4,486,1041,26,38.0,732,433,366,269,97,338,656,51.5,318,392,138,254,345,1077,1088,25,26,38.0,713,18.76,530,65,44,31,31,12,68,1.79,46,4,6,4,5,3,1,38,38,3420,38.0,44,1.16,163,117,73.0,11,15,12,12,31.6,2,0,2,0,100.0,everton fc,1.0153482880755609,0.8768267223382046,0.5993112105313979,0.5748974782254989,48,13
2024,Fulham,26,28.1,52.3,38,418,3420,38.0,53,44,97,50,3,4,80,2.0,49.0,45.9,37.5,83.4,786,1558,26,38.0,679,411,327,259,93,289,565,51.2,276,382,113,269,302,981,914,33,26,38.0,940,24.74,718,73,38,70,25,16,99,2.61,80,3,5,4,4,3,1,38,38,3420,38.0,54,1.42,159,106,67.9,15,9,14,5,13.2,4,3,1,0,25.0,fulham fc,1.0901219992129083,0.8768267223382046,0.8329846470758634,0.5735046698648502,54,11
2024,Ipswich Town,32,25.8,40.6,38,418,3420,38.0,35,26,61,33,2,2,93,5.0,34.4,32.8,24.2,57.0,513,935,32,38.0,589,340,294,214,81,281,604,46.5,323,436,185,251,303,892,1102,39,32,38.0,658,17.32,458,72,51,30,33,14,58,1.53,46,2,6,2,2,0,3,38,38,3420,38.0,82,2.16,210,130,63.8,4,10,24,2,5.3,6,6,0,0,0.0,ipswich town,1.0468319559228652,0.7098121085594989,0.4969583829540699,0.4274972025127529,22,19
2024,Leicester City,32,26.6,45.4,38,418,3420,38.0,33,25,58,31,2,3,87,0.0,32.6,30.4,25.1,55.5,576,1082,32,38.0,728,431,361,278,89,336,695,48.3,359,505,198,307,327,1055,987,31,32,38.0,585,15.39,427,49,44,26,34,5,56,1.47,37,4,6,5,4,0,3,38,38,3420,38.0,80,2.11,209,131,63.2,6,7,25,3,7.9,4,3,1,0,25.0,leicester city,0.9956709956709956,1.0020876826722338,0.4074801248833242,0.400986361557223,25,18
2024,Liverpool,24,27.2,57.7,38,418,3420,38.0,85,65,150,76,9,9,67,3.0,82.2,75.2,61.6,136.8,826,1924,24,38.0,642,391,271,267,104,340,656,51.8,316,367,97,270,299,941,724,31,24,38.0,1151,30.29,881,70,82,73,27,18,147,3.87,111,7,12,10,6,1,3,38,38,3420,38.0,41,1.08,138,98,71.0,25,9,4,14,36.8,2,1,1,0,50.0,liverpool fc,0.9720582447855176,0.8768267223382046,1.7490102674691816,1.5051035347260362,84,1
2024,Manchester City,30,26.8,61.3,38,418,3420,38.0,71,51,122,68,3,4,59,2.0,68.1,64.9,54.2,119.1,1146,1944,30,38.0,497,299,183,216,98,214,449,47.7,235,331,89,242,229,726,619,35,30,38.0,1096,28.84,852,69,68,56,41,10,125,3.29,95,3,11,10,4,2,2,38,38,3420,38.0,44,1.16,128,86,68.8,21,8,9,13,34.2,4,4,0,0,0.0,manchester city,1.0074773711137348,1.1273486430062631,1.9865460748656216,2.152522011911677,71,3
2024,Manchester Utd,31,25.5,53.5,38,418,3420,38.0,42,29,71,38,4,4,86,3.0,52.6,49.4,39.7,89.1,697,1448,31,38.0,817,493,394,305,118,400,723,55.3,323,386,107,279,358,1175,759,26,31,38.0,939,24.71,711,78,38,61,36,15,70,1.84,45,4,5,6,6,4,2,38,38,3420,38.0,54,1.42,149,96,65.8,11,9,18,10,26.3,4,3,1,0,25.0,manchester united,0.9445100354191264,1.210855949895616,1.0840387524542148,1.3057578381081865,42,15
2024,Newcastle Utd,24,27.4,51.3,38,418,3420,38.0,66,50,116,61,5,6,68,1.0,63.8,59.5,46.0,105.5,759,1595,24,38.0,603,371,275,235,93,306,604,50.7,298,411,141,270,270,873,884,34,24,38.0,938,24.68,711,73,39,53,37,25,115,3.03,94,7,3,5,4,2,2,38,38,3420,38.0,47,1.24,161,115,71.4,20,6,12,13,34.2,2,1,1,0,50.0,newcastle united,1.0822510822510822,0.6263048016701461,1.211496990569378,1.0723516461253813,66,5
2024,Nott'ham Forest,23,26.1,41.2,38,418,3420,38.0,57,42,99,54,3,3,90,2.0,45.5,43.2,33.0,76.2,633,1125,23,38.0,698,419,406,225,67,343,670,51.2,327,427,157,270,322,1020,1220,24,23,38.0,798,21.0,569,74,35,60,40,20,91,2.39,58,10,3,8,8,4,1,38,38,3420,38.0,46,1.21,165,119,73.9,19,8,11,13,34.2,3,3,0,0,0.0,nottingham forest,1.054702872884691,0.9603340292275574,0.9385561170298368,0.7617712090684486,65,7
2024,Southampton,36,25.2,48.5,38,418,3420,38.0,25,16,41,25,0,2,89,3.0,32.7,30.9,24.8,55.8,640,1127,36,38.0,652,378,310,266,76,280,584,47.9,304,433,201,232,305,957,988,51,36,38.0,616,16.21,427,56,51,46,28,8,42,1.11,23,5,3,9,1,1,3,38,38,3420,38.0,86,2.26,245,157,67.8,2,6,30,3,7.9,9,7,2,0,22.2,southampton fc,0.9956709956709956,0.9603340292275574,0.4750716147928803,0.4907275366126584,12,20
2024,Tottenham,31,25.0,54.7,38,418,3420,38.0,61,47,108,58,3,4,72,1.0,58.8,55.7,44.4,100.1,840,1593,31,38.0,661,414,285,271,105,296,598,49.5,302,448,159,289,322,983,821,41,31,38.0,875,23.03,648,67,53,59,36,12,106,2.79,79,7,8,7,4,1,4,38,38,3420,38.0,65,1.71,180,119,65.6,11,5,22,6,15.8,3,3,0,0,0.0,tottenham hotspur,0.9445100354191264,0.9603340292275574,1.2205091892239854,1.2302612940139313,38,17
2024,West Ham,27,28.1,48.4,38,418,3420,38.0,43,29,72,40,3,3,82,3.0,47.0,44.7,33.9,78.6,632,1222,27,38.0,654,388,317,253,84,290,532,54.5,242,440,169,271,331,985,1037,28,27,38.0,815,21.45,582,69,48,65,34,17,67,1.76,42,5,3,13,3,1,2,38,38,3420,38.0,62,1.63,186,127,68.3,11,10,17,7,18.4,3,3,0,0,0.0,west ham united,1.1019283746556474,0.7933194154488518,0.8896327529048248,0.6342026251272125,43,14
2024,Wolves,32,26.9,48.1,38,418,3420,38.0,53,42,95,53,0,0,79,2.0,43.7,43.7,35.4,79.1,607,1185,32,38.0,801,471,412,305,84,373,669,55.8,296,437,137,300,298,1099,947,25,32,38.0,756,19.89,547,57,58,36,34,24,96,2.53,77,5,7,1,2,4,4,38,38,3420,38.0,69,1.82,168,100,63.1,12,6,20,8,21.1,9,7,2,0,22.2,wolverhampton wanderers,0.9956709956709956,1.3778705636743216,0.6334288197238405,0.685404159748788,42,16
