Team,Squad_Size,Average_Age,Number_of_Foreigners,Average_Market_Value,Total_Market_Value,Position,Goal_Difference,Points,Year
chelsea fc,31,24.9,24,10.69,331.48,1,57,95,2004
manchester united,37,24.7,25,7.93,293.23,3,32,77,2004
arsenal fc,37,23.9,29,6.68,247.0,2,51,83,2004
liverpool fc,38,25.3,26,5.85,222.13,5,11,58,2004
tottenham hotspur,38,25.3,22,3.41,129.45,9,6,52,2004
newcastle united,31,26.1,14,4.06,125.9,14,-10,44,2004
birmingham city,38,26.8,21,2.81,106.93,12,-6,45,2004
middlesbrough fc,34,26.0,14,2.81,95.48,7,7,55,2004
manchester city,34,26.7,21,2.77,94.3,8,8,52,2004
southampton fc,41,26.5,25,2.08,85.48,20,-21,32,2004
aston villa,26,25.2,16,3.24,84.18,10,-7,47,2004
everton fc,26,27.5,15,2.86,74.28,4,-1,61,2004
blackburn rovers,33,28.0,24,2.23,73.7,15,-11,42,2004
fulham fc,34,26.4,23,1.92,65.23,13,-8,44,2004
portsmouth fc,37,26.6,24,1.73,64.0,16,-16,39,2004
bolton wanderers,29,28.5,20,2.19,63.58,6,5,58,2004
charlton athletic,26,27.1,15,2.22,57.8,11,-16,46,2004
west bromwich albion,32,27.6,19,1.58,50.4,17,-25,34,2004
crystal palace,35,25.4,17,1.1,38.53,18,-21,33,2004
norwich city,28,27.2,12,1.11,31.05,19,-35,33,2004
chelsea fc,30,25.3,21,12.11,363.43,1,50,91,2005
manchester united,34,25.4,21,7.49,254.58,2,38,83,2005
arsenal fc,37,24.1,30,6.28,232.33,4,37,67,2005
liverpool fc,37,24.9,27,5.85,216.35,3,32,82,2005
tottenham hotspur,32,26.3,16,4.82,154.33,5,15,65,2005
newcastle united,32,26.5,13,4.7,150.48,7,5,58,2005
middlesbrough fc,39,25.8,18,2.42,94.38,14,-10,45,2005
everton fc,31,27.4,19,3.0,92.92,11,-15,50,2005
manchester city,32,26.3,17,2.87,91.9,15,-5,43,2005
aston villa,31,25.6,18,2.89,89.6,16,-13,42,2005
portsmouth fc,36,27.5,29,2.39,86.13,17,-25,38,2005
charlton athletic,36,26.6,21,2.29,82.43,13,-14,47,2005
birmingham city,33,27.1,18,2.48,81.83,18,-22,34,2005
fulham fc,33,27.7,24,2.15,70.88,12,-10,48,2005
west bromwich albion,32,26.6,15,2.05,65.55,19,-27,30,2005
blackburn rovers,28,28.2,21,2.28,63.85,6,9,63,2005
west ham united,33,25.7,14,1.9,62.55,9,-3,55,2005
bolton wanderers,32,26.8,23,1.93,61.85,8,8,56,2005
wigan athletic,30,28.3,18,1.73,51.92,10,-7,51,2005
sunderland afc,31,25.2,20,1.11,34.35,20,-43,15,2005
chelsea fc,37,24.8,25,11.26,416.76,2,40,83,2006
arsenal fc,38,23.9,32,7.32,278.18,4,28,68,2006
manchester united,38,25.0,19,6.82,259.15,1,56,89,2006
liverpool fc,38,24.7,25,6.31,239.77,3,30,68,2006
tottenham hotspur,38,24.6,20,4.36,165.73,5,3,60,2006
newcastle united,35,25.7,23,4.19,146.55,13,-9,43,2006
aston villa,34,26.6,19,3.22,109.5,11,2,50,2006
everton fc,29,26.9,19,3.77,109.45,6,16,58,2006
west ham united,35,26.4,14,3.01,105.45,15,-24,41,2006
portsmouth fc,32,27.6,20,3.03,97.08,9,3,54,2006
middlesbrough fc,35,25.0,16,2.75,96.32,12,-5,46,2006
manchester city,34,25.9,18,2.63,89.25,14,-15,42,2006
fulham fc,37,27.7,29,2.29,84.68,16,-22,39,2006
blackburn rovers,31,27.9,24,2.55,78.9,10,-2,52,2006
wigan athletic,37,27.6,25,2.03,74.93,17,-22,38,2006
bolton wanderers,34,26.1,26,2.13,72.38,7,-5,56,2006
charlton athletic,37,26.3,25,1.93,71.47,19,-26,34,2006
sheffield united,43,26.9,20,1.01,43.36,18,-23,38,2006
watford fc,43,24.4,21,0.767,32.97,20,-30,28,2006
reading fc,38,24.9,26,0.865,32.88,8,5,55,2006
chelsea fc,39,25.7,25,11.14,434.35,2,39,85,2007
manchester united,38,25.2,21,9.33,354.55,1,58,87,2007
liverpool fc,41,24.0,26,7.45,305.65,4,39,76,2007
arsenal fc,35,23.3,30,7.5,262.4,3,43,83,2007
tottenham hotspur,38,24.9,21,5.8,220.5,11,5,46,2007
everton fc,32,25.8,18,4.85,155.3,5,22,65,2007
manchester city,36,24.9,24,4.17,150.1,9,-8,55,2007
portsmouth fc,33,27.0,22,4.28,141.3,8,8,57,2007
newcastle united,33,26.2,21,4.1,135.2,12,-20,43,2007
middlesbrough fc,34,25.0,15,3.56,120.9,13,-10,42,2007
west ham united,36,26.7,16,3.33,120.0,10,-8,49,2007
aston villa,25,25.7,11,4.48,112.1,6,20,60,2007
bolton wanderers,42,26.3,30,2.48,104.2,16,-18,37,2007
fulham fc,43,28.2,33,2.3,99.05,17,-22,36,2007
blackburn rovers,38,26.1,31,2.39,90.85,7,2,58,2007
sunderland afc,46,25.4,33,1.82,83.6,15,-23,39,2007
birmingham city,33,25.2,23,2.5,82.5,19,-16,35,2007
wigan athletic,35,27.3,23,2.22,77.75,14,-17,40,2007
reading fc,43,25.4,30,1.53,65.93,18,-25,36,2007
derby county,41,27.3,23,1.23,50.4,20,-69,11,2007
chelsea fc,33,26.9,24,13.59,448.55,3,44,83,2008
manchester united,42,24.4,26,10.14,425.95,1,44,90,2008
liverpool fc,33,25.3,27,10.39,342.85,2,50,86,2008
arsenal fc,41,22.6,31,7.6,311.45,4,31,72,2008
tottenham hotspur,43,24.3,24,6.48,278.8,8,0,51,2008
manchester city,39,25.1,27,6.62,258.35,10,8,50,2008
everton fc,32,25.3,16,5.95,190.33,5,18,63,2008
aston villa,35,25.3,16,4.5,157.35,6,6,62,2008
portsmouth fc,36,28.2,22,4.24,152.6,14,-19,41,2008
newcastle united,38,25.2,22,3.54,134.55,18,-19,34,2008
west ham united,40,25.8,20,3.35,133.9,9,-3,51,2008
sunderland afc,44,26.0,29,2.51,110.3,16,-20,36,2008
wigan athletic,35,27.0,22,2.96,103.75,11,-11,45,2008
blackburn rovers,36,26.7,27,2.53,91.2,15,-20,41,2008
middlesbrough fc,33,23.8,14,2.59,85.45,19,-29,32,2008
fulham fc,38,26.8,24,2.21,83.85,7,5,53,2008
bolton wanderers,33,26.4,20,2.47,81.65,13,-12,41,2008
west bromwich albion,35,25.4,25,1.89,66.1,20,-31,32,2008
hull city,35,28.5,17,1.85,64.7,17,-25,35,2008
stoke city,38,27.4,19,1.67,63.45,12,-17,45,2008
chelsea fc,36,26.4,27,12.55,451.95,1,71,86,2009
manchester united,40,25.5,25,9.62,384.88,2,58,85,2009
liverpool fc,34,25.2,25,9.75,331.55,7,26,63,2009
arsenal fc,45,23.2,31,6.98,314.3,3,42,75,2009
manchester city,40,25.6,25,7.81,312.5,5,28,67,2009
tottenham hotspur,41,24.9,20,6.43,263.53,4,26,70,2009
everton fc,42,24.6,23,5.21,218.93,8,11,61,2009
aston villa,31,27.1,14,5.4,167.38,6,13,64,2009
sunderland afc,38,26.1,26,3.46,131.58,13,-8,44,2009
west ham united,35,25.3,20,3.48,121.75,17,-19,35,2009
fulham fc,41,27.0,26,2.47,101.18,12,-7,46,2009
portsmouth fc,45,27.0,29,2.15,96.65,20,-32,19,2009
blackburn rovers,35,26.8,29,2.62,91.63,10,-14,50,2009
bolton wanderers,32,26.9,18,2.68,85.8,14,-25,39,2009
stoke city,39,27.0,18,2.07,80.7,11,-14,47,2009
wigan athletic,36,26.6,27,2.16,77.6,16,-42,36,2009
hull city,37,27.6,23,1.98,73.2,19,-41,30,2009
birmingham city,36,27.1,19,1.93,69.65,9,-9,50,2009
wolverhampton wanderers,37,25.7,21,1.77,65.48,15,-24,38,2009
burnley fc,33,26.5,20,1.46,48.15,18,-40,30,2009
chelsea fc,33,25.9,23,12.85,424.1,2,36,71,2010
manchester city,45,24.9,28,8.98,404.18,3,27,71,2010
manchester united,43,25.7,29,9.02,388.0,1,41,80,2010
liverpool fc,42,24.9,25,8.08,339.2,6,15,58,2010
arsenal fc,34,24.8,27,9.53,324.0,4,29,68,2010
tottenham hotspur,38,26.3,22,8.08,307.08,5,9,62,2010
aston villa,39,26.7,21,5.2,202.8,9,-11,48,2010
everton fc,32,25.4,21,5.76,184.48,7,6,54,2010
sunderland afc,39,25.2,20,3.83,149.33,10,-11,47,2010
west ham united,40,26.4,24,3.47,138.75,20,-27,33,2010
newcastle united,38,25.2,17,3.14,119.48,12,-1,46,2010
fulham fc,34,28.9,27,3.22,109.55,8,6,49,2010
bolton wanderers,34,26.9,18,2.95,100.15,14,-4,46,2010
birmingham city,34,27.3,20,2.81,95.38,18,-21,39,2010
stoke city,33,28.5,20,2.86,94.45,13,-2,46,2010
blackburn rovers,37,26.6,29,2.47,91.53,15,-13,43,2010
west bromwich albion,37,25.8,24,2.35,86.88,11,-15,47,2010
wolverhampton wanderers,42,25.2,24,1.99,83.55,17,-20,40,2010
wigan athletic,35,25.5,24,2.3,80.5,16,-21,42,2010
blackpool fc,45,25.7,23,1.11,50.03,19,-23,39,2010
manchester city,36,25.9,24,13.85,498.6,1,64,89,2011
manchester united,41,25.1,24,9.86,404.1,2,56,89,2011
chelsea fc,32,27.1,21,11.73,375.5,6,19,64,2011
arsenal fc,45,24.7,35,8.05,362.43,3,25,70,2011
tottenham hotspur,50,25.7,27,6.47,323.5,4,25,69,2011
liverpool fc,31,26.1,18,7.64,236.9,8,7,52,2011
everton fc,36,26.8,25,4.72,169.95,7,10,56,2011
newcastle united,37,25.3,21,4.37,161.7,5,5,65,2011
sunderland afc,36,25.9,20,3.51,126.5,13,-1,45,2011
aston villa,37,26.2,23,3.34,123.5,16,-16,38,2011
fulham fc,36,27.6,28,2.78,100.0,9,-3,52,2011
bolton wanderers,38,26.4,19,2.37,90.05,18,-31,36,2011
stoke city,32,29.1,16,2.55,81.65,14,-17,45,2011
queens park rangers,48,28.2,25,1.7,81.38,17,-23,37,2011
blackburn rovers,37,25.9,26,2.16,80.0,19,-30,31,2011
wolverhampton wanderers,37,25.6,24,2.11,78.05,20,-42,25,2011
swansea city,34,26.0,21,2.22,75.6,11,-7,47,2011
wigan athletic,30,26.7,22,2.48,74.25,15,-20,43,2011
west bromwich albion,36,26.5,24,1.93,69.55,10,-7,47,2011
norwich city,29,26.0,12,2.03,58.75,12,-14,47,2011
manchester city,41,25.3,29,12.25,502.1,2,32,78,2012
manchester united,41,25.3,24,11.16,457.5,1,43,89,2012
chelsea fc,34,26.4,25,13.36,454.25,3,36,75,2012
arsenal fc,42,24.4,35,7.07,296.9,4,35,73,2012
tottenham hotspur,41,26.0,21,7.24,296.8,5,20,72,2012
liverpool fc,41,24.0,21,6.73,276.1,7,28,61,2012
newcastle united,39,25.1,26,5.13,200.25,16,-23,41,2012
everton fc,29,26.2,20,4.82,139.75,6,15,63,2012
sunderland afc,37,25.8,19,3.62,133.9,17,-13,39,2012
queens park rangers,38,29.2,22,3.16,120.05,20,-30,25,2012
aston villa,33,25.2,22,3.35,110.5,15,-22,41,2012
fulham fc,37,28.0,32,2.97,109.85,12,-10,43,2012
stoke city,30,28.9,18,3.47,104.05,13,-11,42,2012
west ham united,39,25.9,20,2.64,103.0,10,-8,46,2012
swansea city,33,26.7,22,3.1,102.25,9,-4,46,2012
west bromwich albion,32,26.6,23,2.92,93.5,8,-4,49,2012
wigan athletic,37,26.2,29,2.47,91.55,18,-26,36,2012
southampton fc,40,25.3,16,2.08,83.05,14,-11,41,2012
norwich city,36,26.4,16,2.03,73.25,11,-17,44,2012
reading fc,35,26.9,26,1.32,46.25,19,-30,28,2012
chelsea fc,49,25.2,40,11.92,584.2,3,44,82,2013
manchester city,27,27.3,21,16.88,455.8,1,65,86,2013
manchester united,37,26.1,24,10.88,402.55,7,21,64,2013
arsenal fc,41,25.0,35,9.41,385.75,4,27,79,2013
liverpool fc,36,24.6,25,8.77,315.75,2,51,84,2013
tottenham hotspur,41,24.4,22,7.05,288.95,6,4,69,2013
everton fc,34,26.5,23,6.18,210.0,5,22,72,2013
newcastle united,37,25.3,27,4.66,172.3,10,-16,49,2013
southampton fc,35,24.7,17,3.76,131.5,8,8,56,2013
swansea city,36,26.1,28,3.58,128.93,12,0,42,2013
sunderland afc,39,26.0,28,3.13,122.0,14,-19,38,2013
fulham fc,48,26.4,36,2.35,112.65,19,-45,32,2013
west ham united,45,26.3,26,2.43,109.5,13,-11,40,2013
aston villa,36,25.2,23,3.04,109.5,15,-22,38,2013
stoke city,33,27.1,23,3.17,104.7,9,-7,50,2013
west bromwich albion,33,27.7,24,2.75,90.8,17,-16,36,2013
norwich city,32,27.0,18,2.79,89.3,18,-34,33,2013
cardiff city,42,25.9,26,2.09,87.9,20,-42,30,2013
crystal palace,45,27.2,25,1.53,68.7,11,-15,45,2013
hull city,34,27.7,24,2.0,68.15,16,-15,37,2013
chelsea fc,38,25.4,28,14.66,557.25,1,41,87,2014
manchester united,43,25.4,26,11.75,505.4,4,25,70,2014
manchester city,34,27.1,27,13.18,448.25,2,45,79,2014
arsenal fc,42,24.5,30,9.88,414.75,3,35,75,2014
liverpool fc,35,24.8,21,9.28,324.85,6,4,62,2014
tottenham hotspur,42,25.2,25,7.24,304.15,5,5,64,2014
southampton fc,37,25.1,20,5.68,210.25,7,21,60,2014
everton fc,40,25.7,22,4.57,182.85,11,-2,47,2014
newcastle united,42,24.4,28,3.33,140.0,15,-23,39,2014
west ham united,36,26.2,21,3.78,135.9,12,-3,47,2014
swansea city,36,25.8,26,3.63,130.75,8,-3,56,2014
hull city,35,27.5,25,3.35,117.1,18,-18,35,2014
aston villa,38,25.9,20,3.01,114.25,17,-26,38,2014
queens park rangers,41,26.6,25,2.74,112.25,20,-31,30,2014
stoke city,30,28.0,23,3.68,110.5,9,3,54,2014
crystal palace,42,27.6,26,2.32,97.25,10,-4,48,2014
west bromwich albion,34,27.0,23,2.82,95.95,13,-13,44,2014
sunderland afc,34,26.3,20,2.68,91.0,16,-22,38,2014
leicester city,37,27.4,19,1.8,66.7,14,-9,41,2014
burnley fc,30,27.0,13,1.75,52.55,19,-25,33,2014
chelsea fc,40,25.2,31,13.84,553.5,10,6,50,2015
manchester city,38,25.9,27,13.14,499.35,4,30,66,2015
arsenal fc,41,25.2,30,11.17,457.85,2,29,71,2015
manchester united,44,24.1,27,10.0,439.85,5,14,66,2015
liverpool fc,44,23.9,27,8.53,375.25,8,13,60,2015
tottenham hotspur,31,24.2,16,12.0,371.85,3,34,70,2015
everton fc,39,26.1,22,6.41,249.85,11,4,47,2015
southampton fc,35,25.6,20,6.44,225.5,6,18,63,2015
west ham united,50,24.7,28,4.03,201.33,7,14,62,2015
newcastle united,42,25.2,28,4.71,198.0,18,-21,37,2015
leicester city,35,27.3,21,4.6,161.1,1,32,81,2015
stoke city,31,27.9,24,4.74,147.0,9,-14,51,2015
swansea city,36,26.4,27,4.05,145.8,12,-10,47,2015
watford fc,39,27.8,35,3.51,137.0,13,-10,45,2015
crystal palace,38,27.2,20,3.57,135.7,15,-12,42,2015
aston villa,44,25.1,24,2.68,117.95,20,-49,17,2015
norwich city,41,27.0,23,2.85,116.9,19,-28,34,2015
west bromwich albion,35,26.9,22,3.23,113.1,14,-14,43,2015
sunderland afc,42,27.0,27,2.65,111.25,17,-14,39,2015
afc bournemouth,49,25.6,22,2.04,99.9,16,-22,42,2015
chelsea fc,49,25.4,41,14.01,686.7,1,52,93,2016
manchester city,35,26.9,29,16.47,576.5,3,41,78,2016
tottenham hotspur,38,24.1,20,14.31,543.65,2,60,86,2016
arsenal fc,42,25.3,26,12.9,542.0,5,33,75,2016
manchester united,42,25.0,26,12.65,531.45,6,25,69,2016
liverpool fc,38,24.9,24,11.2,425.65,4,36,76,2016
everton fc,39,26.4,26,7.98,311.25,7,18,61,2016
west ham united,44,25.1,29,6.21,273.05,11,-17,45,2016
southampton fc,36,25.9,19,7.33,263.75,8,-7,46,2016
crystal palace,45,26.6,27,5.08,228.43,14,-13,41,2016
leicester city,31,27.1,22,7.05,218.65,12,-15,44,2016
stoke city,34,27.7,27,5.47,186.0,13,-15,44,2016
watford fc,46,27.3,37,3.82,175.65,17,-28,40,2016
swansea city,37,27.4,28,4.25,157.1,15,-25,41,2016
hull city,42,26.5,24,3.23,135.85,18,-43,34,2016
sunderland afc,42,25.8,27,3.14,132.0,20,-40,24,2016
afc bournemouth,41,24.8,16,3.21,131.6,9,-12,46,2016
middlesbrough fc,35,27.9,21,3.68,128.8,19,-26,28,2016
west bromwich albion,30,27.7,18,4.11,123.2,10,-8,45,2016
burnley fc,36,27.2,15,2.98,107.18,16,-16,40,2016
manchester city,32,25.5,22,31.53,1010.0,1,79,100,2017
chelsea fc,46,25.3,33,19.22,884.25,5,24,70,2017
liverpool fc,35,25.4,21,24.5,857.5,4,46,75,2017
manchester united,35,26.6,23,24.27,849.5,2,40,81,2017
tottenham hotspur,34,25.2,22,24.4,829.6,3,38,77,2017
arsenal fc,45,25.4,27,15.42,694.0,6,23,63,2017
everton fc,48,25.4,31,7.94,381.25,8,-14,49,2017
leicester city,34,27.0,23,8.95,304.25,9,-4,47,2017
southampton fc,29,26.4,16,10.24,297.0,17,-19,36,2017
west ham united,41,25.7,25,6.36,260.6,13,-20,42,2017
crystal palace,41,26.3,24,5.38,220.73,11,-10,44,2017
newcastle united,37,25.9,27,5.63,208.28,10,-8,44,2017
watford fc,37,27.4,28,5.3,196.0,14,-20,41,2017
stoke city,35,26.8,27,5.5,192.45,19,-33,33,2017
burnley fc,30,28.3,16,5.64,169.3,7,-3,54,2017
west bromwich albion,33,27.0,17,5.03,165.95,20,-25,31,2017
swansea city,36,26.8,25,4.6,165.49,18,-28,33,2017
brighton & hove albion,39,27.3,27,3.8,148.2,15,-20,40,2017
afc bournemouth,35,26.4,14,4.13,144.5,12,-16,44,2017
huddersfield town,35,26.1,19,3.03,106.05,16,-30,37,2017
manchester city,47,24.6,36,25.61,1200.0,1,72,98,2018
liverpool fc,39,25.2,25,30.06,1170.0,2,67,97,2018
chelsea fc,54,26.2,40,21.6,1170.0,3,24,72,2018
tottenham hotspur,34,26.0,20,26.43,898.6,4,28,71,2018
manchester united,36,25.9,23,22.16,797.6,6,11,66,2018
arsenal fc,42,25.4,28,15.69,659.05,5,22,70,2018
everton fc,40,26.6,29,13.23,529.1,8,8,54,2018
leicester city,37,26.9,28,11.73,434.1,9,3,52,2018
west ham united,37,27.1,24,9.7,359.0,10,-3,52,2018
afc bournemouth,37,26.2,17,8.38,310.0,14,-14,45,2018
southampton fc,40,25.5,19,7.64,305.4,16,-20,39,2018
wolverhampton wanderers,40,24.5,26,7.57,302.9,7,1,57,2018
crystal palace,36,26.9,22,8.03,289.0,12,-2,49,2018
fulham fc,33,26.2,26,7.7,254.25,19,-47,26,2018
newcastle united,37,26.6,25,6.61,244.65,13,-6,45,2018
watford fc,39,26.7,32,6.13,239.1,11,-7,50,2018
burnley fc,33,28.6,14,5.98,197.25,15,-23,40,2018
brighton & hove albion,41,26.3,29,4.74,194.35,17,-25,36,2018
huddersfield town,33,25.8,21,4.17,137.45,20,-54,16,2018
cardiff city,35,27.8,21,3.23,113.0,18,-35,34,2018
manchester city,35,25.4,25,29.96,1050.0,2,67,81,2019
liverpool fc,56,23.8,32,17.9,1000.0,1,52,99,2019
tottenham hotspur,36,25.3,22,22.41,806.8,6,14,59,2019
chelsea fc,36,24.7,23,19.61,705.85,4,15,66,2019
manchester united,43,24.4,27,15.59,670.45,3,30,66,2019
arsenal fc,38,24.8,24,15.99,607.65,8,8,56,2019
everton fc,35,26.5,22,12.02,420.55,12,-12,49,2019
leicester city,32,26.4,21,12.85,411.1,5,26,62,2019
wolverhampton wanderers,44,23.6,30,7.28,320.33,7,11,59,2019
west ham united,38,27.0,27,7.99,303.6,16,-13,39,2019
afc bournemouth,39,25.4,17,6.98,272.18,18,-25,34,2019
newcastle united,41,26.6,25,6.16,252.48,13,-20,44,2019
aston villa,38,26.2,22,6.1,231.7,17,-26,35,2019
southampton fc,36,25.0,20,5.85,210.75,11,-9,52,2019
brighton & hove albion,45,25.3,29,4.46,200.78,15,-15,41,2019
watford fc,43,26.2,27,4.64,199.6,19,-28,34,2019
crystal palace,33,27.4,18,5.74,189.33,14,-19,43,2019
burnley fc,35,26.8,12,4.68,163.88,10,-7,54,2019
norwich city,38,26.0,25,3.82,145.33,20,-49,21,2019
sheffield united,34,27.9,16,4.08,138.6,9,0,54,2019
manchester city,36,25.3,23,29.01,1040.0,1,51,86,2020
liverpool fc,43,24.9,28,22.55,969.65,3,26,69,2020
chelsea fc,39,25.7,23,22.8,889.2,4,22,67,2020
manchester united,39,25.4,26,19.74,770.05,2,29,74,2020
tottenham hotspur,41,25.2,23,17.16,703.5,7,23,62,2020
arsenal fc,42,24.9,27,14.74,619.25,8,16,61,2020
everton fc,44,25.2,27,11.62,511.2,10,-1,59,2020
leicester city,40,25.8,27,12.77,510.6,5,18,66,2020
wolverhampton wanderers,38,24.4,32,11.85,450.3,13,-16,45,2020
aston villa,53,23.9,24,8.13,430.7,11,9,55,2020
west ham united,39,27.0,23,8.59,334.9,6,15,65,2020
brighton & hove albion,46,24.9,30,6.31,290.4,16,-6,41,2020
southampton fc,39,25.0,22,7.25,282.8,15,-21,43,2020
newcastle united,33,27.4,19,7.74,255.35,12,-16,45,2020
fulham fc,38,27.0,30,6.31,239.75,18,-26,28,2020
leeds united,39,25.1,24,6.11,238.1,9,8,59,2020
crystal palace,36,28.2,18,5.38,193.85,14,-25,44,2020
sheffield united,40,25.4,16,3.75,149.85,20,-43,23,2020
west bromwich albion,43,26.6,18,3.28,141.15,19,-41,26,2020
burnley fc,32,27.1,11,4.13,132.3,17,-22,39,2020
manchester city,39,24.7,23,25.74,1000.0,1,73,93,2021
liverpool fc,49,24.5,29,18.75,918.9,2,68,92,2021
chelsea fc,44,25.6,25,20.78,914.5,3,43,74,2021
manchester united,43,26.0,29,17.89,769.15,6,0,58,2021
tottenham hotspur,45,24.0,26,15.32,689.35,4,29,71,2021
arsenal fc,41,24.0,24,14.95,613.05,5,13,69,2021
leicester city,40,25.7,26,13.16,526.55,8,3,52,2021
aston villa,44,24.8,21,11.09,487.75,14,-2,45,2021
everton fc,42,26.0,24,11.41,479.05,16,-23,39,2021
wolverhampton wanderers,38,24.8,30,9.92,376.95,10,-5,51,2021
west ham united,37,26.3,20,9.59,354.9,7,9,56,2021
brighton & hove albion,43,24.6,31,7.4,318.0,9,-2,51,2021
newcastle united,34,27.9,19,9.23,313.9,11,-18,49,2021
leeds united,35,24.0,20,8.56,299.45,17,-37,38,2021
southampton fc,33,25.6,19,8.31,274.3,15,-24,40,2021
brentford fc,38,24.7,27,7.19,273.3,13,-8,46,2021
crystal palace,33,26.5,16,8.21,271.05,12,4,48,2021
norwich city,45,24.7,29,3.63,163.2,20,-61,22,2021
watford fc,47,26.4,36,3.32,156.2,19,-43,23,2021
burnley fc,35,27.9,16,3.94,137.85,18,-19,35,2021
manchester city,34,26.0,21,33.7,1150.0,1,61,89,2022
arsenal fc,42,24.0,25,23.83,1000.0,2,45,84,2022
chelsea fc,43,25.2,27,23.14,994.95,12,-9,44,2022
manchester united,48,25.4,30,17.66,847.75,3,15,75,2022
liverpool fc,39,25.6,24,20.82,811.85,5,28,67,2022
tottenham hotspur,34,25.9,21,19.09,649.1,8,7,60,2022
newcastle united,38,28.3,22,14.25,541.6,4,35,71,2022
brighton & hove albion,42,24.1,28,12.61,529.8,6,19,62,2022
aston villa,43,25.4,23,11.85,509.55,7,5,61,2022
wolverhampton wanderers,43,25.8,34,11.57,497.65,13,-27,41,2022
leicester city,38,26.4,25,12.91,490.7,18,-17,34,2022
west ham united,44,25.4,25,10.58,465.6,14,-13,40,2022
southampton fc,46,24.8,25,9.13,419.95,20,-37,25,2022
everton fc,40,26.9,21,10.33,413.15,17,-23,36,2022
nottingham forest,50,26.6,29,7.53,376.25,16,-30,38,2022
brentford fc,36,25.3,26,10.31,371.2,9,12,59,2022
leeds united,47,24.0,31,7.34,345.15,19,-30,31,2022
crystal palace,39,25.4,19,8.28,323.05,11,-9,45,2022
fulham fc,47,25.9,35,6.28,295.1,10,2,52,2022
afc bournemouth,47,25.0,23,6.11,287.2,15,-34,39,2022
manchester city,36,25.7,21,40.63,1460.0,1,62,91,2023
arsenal fc,40,24.6,23,30.08,1200.0,2,62,89,2023
chelsea fc,56,22.2,26,18.1,1010.0,6,14,63,2023
liverpool fc,45,24.2,30,21.24,955.65,3,45,82,2023
tottenham hotspur,41,25.6,28,20.45,838.5,5,13,66,2023
manchester united,46,24.9,28,17.57,808.35,8,-1,60,2023
aston villa,45,25.0,23,15.77,709.65,4,15,68,2023
newcastle united,45,26.3,21,14.49,652.25,7,23,60,2023
brighton & hove albion,49,24.2,33,10.7,524.4,11,-7,48,2023
nottingham forest,46,26.6,36,10.9,501.35,17,-18,32,2023
west ham united,36,26.6,20,13.54,487.5,9,-14,52,2023
crystal palace,40,25.1,17,11.16,446.58,10,-1,49,2023
wolverhampton wanderers,47,23.9,32,9.42,442.73,14,-15,46,2023
brentford fc,42,25.0,29,10.21,428.78,16,-9,39,2023
afc bournemouth,42,25.7,26,9.57,401.75,12,-13,48,2023
everton fc,34,26.8,16,11.52,391.75,15,-11,40,2023
fulham fc,35,26.9,31,10.98,384.35,13,-6,47,2023
burnley fc,39,25.3,30,7.01,273.48,19,-37,24,2023
sheffield united,45,24.7,26,3.39,152.35,20,-69,16,2023
luton town,46,25.7,22,3.06,140.9,18,-33,26,2023
manchester city,44,25.6,27,30.86,1360.0,3,28,71,2024
chelsea fc,58,22.4,30,20.59,1190.0,4,21,69,2024
arsenal fc,42,24.5,26,27.58,1160.0,2,35,74,2024
liverpool fc,35,24.7,21,27.17,950.95,1,45,84,2024
manchester united,49,24.0,29,16.84,825.0,15,-10,42,2024
tottenham hotspur,41,24.0,23,18.96,777.3,17,-1,38,2024
aston villa,41,25.2,24,16.6,680.55,6,7,66,2024
newcastle united,36,27.5,15,18.82,677.53,5,21,66,2024
brighton & hove albion,49,24.2,33,13.62,667.58,8,7,61,2024
crystal palace,40,26.2,18,13.17,526.85,12,0,53,2024
afc bournemouth,39,24.7,25,13.3,518.6,9,12,56,2024
nottingham forest,33,26.8,23,14.58,481.3,7,12,65,2024
wolverhampton wanderers,44,25.3,33,9.84,433.05,16,-15,42,2024
brentford fc,38,24.4,27,11.26,427.85,10,9,56,2024
west ham united,29,28.0,19,13.82,400.7,14,-16,43,2024
everton fc,39,25.8,21,9.31,363.23,13,-2,48,2024
fulham fc,28,27.7,21,12.94,362.35,11,0,54,2024
southampton fc,42,25.3,23,7.38,310.05,20,-60,12,2024
ipswich town,35,26.6,17,7.72,270.1,19,-46,22,2024
leicester city,40,25.3,24,6.33,253.35,18,-47,25,2024
arsenal fc,25,25.6,17,53.0,1330.0,2,8,10,2025
manchester city,26,26.3,19,47.25,1230.0,9,4,7,2025
liverpool fc,26,25.7,20,43.03,1120.0,1,6,15,2025
chelsea fc,31,23.4,21,34.73,1080.0,6,5,8,2025
tottenham hotspur,29,25.2,23,30.73,891.1,3,7,10,2025
manchester united,26,25.5,19,27.82,723.2,11,-2,7,2025
newcastle united,28,27.5,13,23.54,659.05,13,0,6,2025
nottingham forest,28,26.2,21,20.21,566.0,15,-4,5,2025
aston villa,23,27.8,16,23.78,547.0,18,-4,3,2025
brighton & hove albion,26,26.1,18,17.77,462.1,14,-2,5,2025
crystal palace,28,25.7,17,15.22,426.2,5,4,9,2025
brentford fc,31,24.5,22,12.65,392.2,17,-4,4,2025
afc bournemouth,28,24.4,21,13.68,383.0,4,1,10,2025
west ham united,26,26.8,18,14.3,371.7,19,-8,3,2025
everton fc,24,26.7,13,15.36,368.6,10,1,7,2025
fulham fc,24,28.0,20,14.06,337.5,8,1,8,2025
wolverhampton wanderers,27,25.8,24,12.14,327.8,20,-9,0,2025
leeds united,26,27.0,19,11.4,296.3,12,-3,7,2025
sunderland afc,36,24.9,24,8.06,290.0,7,2,8,2025
burnley fc,32,26.6,25,7.07,226.15,16,-3,4,2025