Team,Squad_Size,Average_Age,Number_of_Foreigners,Average_Market_Value,Total_Market_Value,Position,Goal_Difference,Points,Year,Squad_Size_Normalized_by_Avg,Squad_Size_Normalized_by_Max,Average_Age_Normalized_by_Avg,Average_Age_Normalized_by_Max,Number_of_Foreigners_Normalized_by_Avg,Number_of_Foreigners_Normalized_by_Max,Average_Market_Value_Normalized_by_Avg,Average_Market_Value_Normalized_by_Max,Total_Market_Value_Normalized_by_Avg,Total_Market_Value_Normalized_by_Max
chelsea fc,31,24.9,24,10.69,331.48,1,57,95,2004,0.9323308270676691,0.7560975609756098,0.9473083507704012,0.8736842105263157,1.1822660098522166,0.8275862068965517,3.086473220730475,1.0,2.840287387591951,1.0
manchester united,37,24.7,25,7.93,293.23,3,32,77,2004,1.112781954887218,0.9024390243902439,0.9396994483545746,0.8666666666666667,1.2315270935960592,0.8620689655172413,2.289591453731774,0.7418147801683816,2.5125421463243263,0.88460842283094
arsenal fc,37,23.9,29,6.68,247.0,2,51,83,2004,1.112781954887218,0.9024390243902439,0.9092638386912686,0.8385964912280701,1.4285714285714286,1.0,1.9286848563591743,0.6248830682881198,2.116420250800084,0.7451429950524918
liverpool fc,38,25.3,26,5.85,222.13,5,11,58,2004,1.1428571428571428,0.926829268292683,0.9625261556020543,0.887719298245614,1.2807881773399015,0.896551724137931,1.6890428757037679,0.5472404115996258,1.9033215802033305,0.6701158440931579
tottenham hotspur,38,25.3,22,3.41,129.45,9,6,52,2004,1.1428571428571428,0.926829268292683,0.9625261556020543,0.887719298245614,1.083743842364532,0.7586206896551724,0.9845531976324529,0.31898971000935455,1.1091927184861168,0.39052129841921074
newcastle united,31,26.1,14,4.06,125.9,14,-10,44,2004,0.9323308270676691,0.7560975609756098,0.9929617652653604,0.9157894736842106,0.689655172413793,0.4827586206896552,1.1722246282662048,0.3797942001870907,1.0787745326952656,0.37981175334861833
birmingham city,38,26.8,21,2.81,106.93,12,-6,45,2004,1.1428571428571428,0.926829268292683,1.0195929237207533,0.9403508771929825,1.0344827586206897,0.7241379310344828,0.8113180308936048,0.26286248830682885,0.9162300300326032,0.3225835646192832
middlesbrough fc,34,26.0,14,2.81,95.48,7,7,55,2004,1.0225563909774436,0.8292682926829268,0.9891573140574471,0.9122807017543859,0.689655172413793,0.4827586206896552,0.8113180308936048,0.26286248830682885,0.8181206702283078,0.28804151080004825
manchester city,34,26.7,21,2.77,94.3,8,8,52,2004,1.0225563909774436,0.8292682926829268,1.0157884725128399,0.9368421052631579,1.0344827586206897,0.7241379310344828,0.7997690197776816,0.25912067352666046,0.8080098366414895,0.2844817183540485
southampton fc,41,26.5,25,2.08,85.48,20,-21,32,2004,1.2330827067669172,1.0,1.0081795700970133,0.9298245614035088,1.2315270935960592,0.8620689655172413,0.6005485780280064,0.19457436856875587,0.7324356398315433,0.25787377820683
aston villa,26,25.2,16,3.24,84.18,10,-7,47,2004,0.7819548872180451,0.6341463414634146,0.958721704394141,0.8842105263157894,0.7881773399014778,0.5517241379310345,0.9354699003897793,0.30308699719363896,0.7212965858799638,0.2539519729697116
everton fc,26,27.5,15,2.86,74.28,4,-1,61,2004,0.7819548872180451,0.6341463414634146,1.046224082176146,0.9649122807017544,0.7389162561576355,0.5172413793103449,0.8257542947885087,0.2675397567820393,0.6364684057871669,0.22408591770242547
blackburn rovers,33,28.0,24,2.23,73.7,15,-11,42,2004,0.9924812030075187,0.8048780487804879,1.0652463382157122,0.9824561403508771,1.1822660098522166,0.8275862068965517,0.6438573697127183,0.20860617399438727,0.6314986740241546,0.2223361892120188
fulham fc,34,26.4,23,1.92,65.23,13,-8,44,2004,1.0225563909774436,0.8292682926829268,1.0043751188891001,0.9263157894736842,1.1330049261083743,0.7931034482758621,0.5543525335643136,0.1796071094480823,0.558923453278095,0.19678411970556292
portsmouth fc,37,26.6,24,1.73,64.0,16,-16,39,2004,1.112781954887218,0.9024390243902439,1.0119840213049267,0.9333333333333333,1.1822660098522166,0.8275862068965517,0.4994947307636784,0.16183348924228252,0.548384194539293,0.19307348859659706
bolton wanderers,29,28.5,20,2.19,63.58,6,5,58,2004,0.8721804511278195,0.7073170731707317,1.0842685942552786,1.0,0.9852216748768473,0.6896551724137931,0.6323083585967951,0.2048643592142189,0.5447854232626289,0.1918064438276819
charlton athletic,26,27.1,15,2.22,57.8,11,-16,46,2004,0.7819548872180451,0.6341463414634146,1.031006277344493,0.9508771929824562,0.7389162561576355,0.5172413793103449,0.6409701169337376,0.20767072029934522,0.495259475693299,0.17436949438880173
west bromwich albion,32,27.6,19,1.58,50.4,17,-25,34,2004,0.9624060150375939,0.7804878048780488,1.0500285333840593,0.968421052631579,0.9359605911330049,0.6551724137931034,0.45618593907896643,0.1478016838166511,0.43185255319969323,0.15204537226982018
crystal palace,35,25.4,17,1.1,38.53,18,-21,33,2004,1.0526315789473684,0.8536585365853658,0.9663306068099675,0.8912280701754386,0.8374384236453202,0.5862068965517241,0.31759780568788804,0.10289990645463051,0.33014442211873374,0.11623627368167008
norwich city,28,27.2,12,1.11,31.05,19,-35,33,2004,0.8421052631578947,0.6829268292682927,1.0348107285524062,0.9543859649122807,0.5911330049261083,0.41379310344827586,0.3204850584668688,0.10383536014967261,0.2660520193819539,0.0936708097019428
chelsea fc,30,25.3,21,12.11,363.43,1,50,91,2005,0.9104704097116842,0.7692307692307693,0.9596055376446047,0.8939929328621908,1.0421836228287842,0.7,3.3296673082210617,1.0,3.0265152146033545,1.0
manchester united,34,25.4,21,7.49,254.58,2,38,83,2005,1.031866464339909,0.8717948717948718,0.963398444908022,0.8975265017667844,1.0421836228287842,0.7,2.059389606818807,0.6184971098265897,2.1200512982795092,0.7004925295104972
arsenal fc,37,24.1,30,6.28,232.33,4,37,67,2005,1.1229135053110773,0.9487179487179487,0.9140906504835958,0.8515901060070672,1.488833746898263,1.0,1.7266978278801213,0.518579686209744,1.934761246481571,0.639270285887241
liverpool fc,37,24.9,27,5.85,216.35,3,32,82,2005,1.1229135053110773,0.9487179487179487,0.9444339085909349,0.8798586572438162,1.3399503722084367,0.9,1.6084685180093485,0.48307184145334436,1.801685514898153,0.5953003329389428
tottenham hotspur,32,26.3,16,4.82,154.33,5,15,65,2005,0.9711684370257966,0.8205128205128205,0.9975346102787788,0.9293286219081273,0.794044665012407,0.5333333333333333,1.325268078086335,0.398018166804294,1.2852051098416084,0.42464848801694965
newcastle united,32,26.5,13,4.7,150.48,7,5,58,2005,0.9711684370257966,0.8205128205128205,1.0051204248056136,0.9363957597173145,0.6451612903225807,0.43333333333333335,1.292273852075887,0.3881090008257639,1.2531436851484818,0.4140549761989929
middlesbrough fc,39,25.8,18,2.42,94.38,14,-10,45,2005,1.1836115326251895,1.0,0.9785700739616917,0.911660777385159,0.8933002481389579,0.6,0.6653835578773715,0.19983484723369116,0.7859629253343549,0.25969237542305257
everton fc,31,27.4,19,3.0,92.92,11,-15,50,2005,0.9408194233687405,0.7948717948717948,1.0392565901763702,0.9681978798586571,0.9429280397022333,0.6333333333333333,0.8248556502612044,0.24772914946325353,0.7738045668792992,0.2556750956167625
manchester city,32,26.3,17,2.87,91.9,15,-5,43,2005,0.9711684370257966,0.8205128205128205,0.9975346102787788,0.9293286219081273,0.8436724565756825,0.5666666666666667,0.7891119054165522,0.2369942196531792,0.7653103712463151,0.2528685028753818
aston villa,31,25.6,18,2.89,89.6,16,-13,42,2005,0.9408194233687405,0.7948717948717948,0.9709842594348569,0.9045936395759717,0.8933002481389579,0.6,0.7946109430849603,0.23864574731626756,0.7461567928582136,0.2465399113997193
portsmouth fc,36,27.5,29,2.39,86.13,17,-25,38,2005,1.0925644916540211,0.9230769230769231,1.0430494974397877,0.9717314487632509,1.4392059553349876,0.9666666666666667,0.6571350013747596,0.19735755573905864,0.7172598724205127,0.2369919929560025
charlton athletic,36,26.6,21,2.29,82.43,13,-14,47,2005,1.0925644916540211,0.9230769230769231,1.008913332069031,0.9399293286219081,1.0421836228287842,0.7,0.6296398130327193,0.18909991742361687,0.6864475941440017,0.2268112153647195
birmingham city,33,27.1,18,2.48,81.83,18,-22,34,2005,1.0015174506828528,0.8461538461538461,1.027877868386118,0.9575971731448764,0.8933002481389579,0.6,0.6818806708825956,0.20478943022295623,0.6814510084775404,0.22516027845802492
fulham fc,33,27.7,24,2.15,70.88,12,-10,48,2005,1.0015174506828528,0.8461538461538461,1.0506353119666225,0.9787985865724381,1.1910669975186106,0.8,0.5911465493538631,0.17753922378199835,0.5902633200646225,0.19503067991084938
west bromwich albion,32,26.6,15,2.05,65.55,19,-27,30,2005,0.9711684370257966,0.8205128205128205,1.008913332069031,0.9399293286219081,0.7444168734491315,0.5,0.563651361011823,0.16928158546655656,0.5458769840608917,0.18036485705637947
blackburn rovers,28,28.2,21,2.28,63.85,6,9,63,2005,0.849772382397572,0.717948717948718,1.0695998482837095,0.9964664310954063,1.0421836228287842,0.7,0.6268902941985153,0.18827415359207267,0.5317199913392515,0.1756872024874116
west ham united,33,25.7,14,1.9,62.55,9,-3,55,2005,1.0015174506828528,0.8461538461538461,0.9747771666982743,0.9081272084805653,0.6947890818858561,0.4666666666666667,0.5224085784987628,0.1568951279933939,0.5208940557285855,0.17211017252290675
bolton wanderers,32,26.8,23,1.93,61.85,8,8,56,2005,0.9711684370257966,0.8205128205128205,1.0164991465958657,0.9469964664310954,1.141439205955335,0.7666666666666667,0.5306571350013748,0.15937241948802644,0.5150647057843807,0.17018407946509645
wigan athletic,30,28.3,18,1.73,51.92,10,-7,51,2005,0.9104704097116842,0.7692307692307693,1.073392755547127,1.0,0.8933002481389579,0.6,0.47566675831729455,0.14285714285714285,0.432371213004447,0.14286107365930165
sunderland afc,31,25.2,20,1.11,34.35,20,-43,15,2005,0.9408194233687405,0.7948717948717948,0.9558126303811872,0.8904593639575972,0.9925558312655087,0.6666666666666666,0.30519659059664567,0.09165978530140381,0.28605452940490667,0.09451613790826294
chelsea fc,37,24.8,25,11.26,416.76,2,40,83,2006,1.0235131396957124,0.8604651162790697,0.9558681826941607,0.888888888888889,1.1210762331838564,0.78125,3.1173001854876663,1.0,3.19998771479906,1.0
arsenal fc,38,23.9,32,7.32,278.18,4,28,68,2006,1.0511756569847857,0.8837209302325582,0.9211794179996146,0.8566308243727598,1.4349775784753362,1.0,2.026521967830348,0.650088809946714,2.135935748399085,0.6674824839236011
manchester united,38,25.0,19,6.82,259.15,1,56,89,2006,1.0511756569847857,0.8837209302325582,0.9635767970707265,0.8960573476702509,0.852017937219731,0.59375,1.888098336147947,0.605683836589698,1.9898186397211257,0.621820712160476
liverpool fc,38,24.7,25,6.31,239.77,3,30,68,2006,1.0511756569847857,0.8837209302325582,0.9520138755058778,0.8853046594982079,1.1210762331838564,0.78125,1.7469062318318982,0.5603907637655418,1.841014143337582,0.5753191285152126
tottenham hotspur,38,24.6,20,4.36,165.73,5,3,60,2006,1.0511756569847857,0.8837209302325582,0.948159568317595,0.881720430107527,0.8968609865470851,0.625,1.207054068270535,0.38721136767317943,1.2725164698475098,0.3976629235051348
newcastle united,35,25.7,23,4.19,146.55,13,-9,43,2006,0.9681881051175657,0.813953488372093,0.9905569473887068,0.921146953405018,1.0313901345291479,0.71875,1.159990033498519,0.372113676731794,1.1252476235814433,0.3516412323639505
aston villa,34,26.6,19,3.22,109.5,11,2,50,2006,0.9405255878284924,0.7906976744186046,1.025245712083253,0.9534050179211471,0.852017937219731,0.59375,0.8914481880346613,0.28596802841918295,0.8407684393187856,0.26274114598329973
everton fc,29,26.9,19,3.77,109.45,6,16,58,2006,0.8022130013831259,0.6744186046511628,1.0368086336481017,0.96415770609319,0.852017937219731,0.59375,1.043714182885302,0.33481349911190056,0.8403845267894163,0.26262117285728
west ham united,35,26.4,14,3.01,105.45,15,-24,41,2006,0.9681881051175657,0.813953488372093,1.017537097706687,0.946236559139785,0.6278026905829596,0.4375,0.8333102627280528,0.2673179396092362,0.8096715244398717,0.2530233227756983
portsmouth fc,32,27.6,20,3.03,97.08,9,3,54,2006,0.8852005532503459,0.7441860465116279,1.0637887839660822,0.9892473118279571,0.8968609865470851,0.625,0.8388472079953488,0.2690941385435169,0.7454045670234494,0.23293982147998848
middlesbrough fc,35,25.0,16,2.75,96.32,12,-5,46,2006,0.9681881051175657,0.813953488372093,0.9635767970707265,0.8960573476702509,0.7174887892376681,0.5,0.7613299742532045,0.24422735346358793,0.7395690965770358,0.23111622996448794
manchester city,34,25.9,18,2.63,89.25,14,-15,42,2006,0.9405255878284924,0.7906976744186046,0.9982655617652726,0.9283154121863799,0.8071748878923767,0.5625,0.7281083026494282,0.23357015985790408,0.6852838649242157,0.21415202994529225
fulham fc,37,27.7,29,2.29,84.68,16,-22,39,2006,1.0235131396957124,0.8604651162790697,1.067643091154365,0.992831541218638,1.3004484304932735,0.90625,0.6339802331053958,0.20337477797513323,0.6501942597398609,0.20318648622708516
blackburn rovers,31,27.9,24,2.55,78.9,10,-2,52,2006,0.8575380359612725,0.7209302325581395,1.0753517055309307,1.0,1.0762331838565022,0.75,0.705960521580244,0.22646536412078153,0.6058139713447689,0.18931759285919955
wigan athletic,37,27.6,25,2.03,74.93,17,-22,38,2006,1.0235131396957124,0.8604651162790697,1.0637887839660822,0.9892473118279571,1.1210762331838564,0.78125,0.5619999446305473,0.18028419182948488,0.5753313165128457,0.1797917266532297
bolton wanderers,34,26.1,26,2.13,72.38,7,-5,56,2006,0.9405255878284924,0.7906976744186046,1.0059741761418386,0.935483870967742,1.1659192825112108,0.8125,0.5896846709670274,0.1891651865008881,0.5557517775150109,0.17367309722622132
charlton athletic,37,26.3,25,1.93,71.47,19,-26,34,2006,1.0235131396957124,0.8604651162790697,1.0136827905184043,0.9426523297491041,1.1210762331838564,0.78125,0.5343152182940671,0.1714031971580817,0.5487645694804896,0.17148958633266148
sheffield united,43,26.9,20,1.01,43.36,18,-23,38,2006,1.1894882434301521,1.0,1.0368086336481017,0.96415770609319,0.8968609865470851,0.625,0.27961573599844963,0.08969804618117229,0.3329289454690643,0.1040406948843459
watford fc,43,24.4,21,0.767,32.97,20,-30,28,2006,1.1894882434301521,1.0,0.9404509539410291,0.8745519713261649,0.9417040358744394,0.65625,0.21234185100080286,0.06811722912966252,0.253151921866122,0.07911027929743737
reading fc,38,24.9,26,0.865,32.88,8,5,55,2006,1.0511756569847857,0.8837209302325582,0.9597224898824436,0.8924731182795699,1.1659192825112108,0.8125,0.2394728828105534,0.07682060390763766,0.2524608793132573,0.0788943276706018
chelsea fc,39,25.7,25,11.14,434.35,2,39,85,2007,1.0526315789473686,0.8478260869565217,0.9968968192397206,0.9113475177304965,1.050420168067227,0.7575757575757576,2.5769141799676154,1.0,2.743294922362259,1.0
manchester united,38,25.2,21,9.33,354.55,1,58,87,2007,1.0256410256410258,0.8260869565217391,0.9775019394879751,0.8936170212765957,0.8823529411764706,0.6363636363636364,2.15822345593338,0.8375224416517055,2.239289086505212,0.8162771958098307
liverpool fc,41,24.0,26,7.45,305.65,4,39,76,2007,1.106612685560054,0.8913043478260869,0.9309542280837858,0.851063829787234,1.0924369747899159,0.7878787878787878,1.7233402729585938,0.6687612208258528,1.9304434051341646,0.7036951767008173
arsenal fc,35,23.3,30,7.5,262.4,3,43,83,2007,0.9446693657219973,0.7608695652173914,0.9038013964313422,0.8262411347517731,1.2605042016806722,0.9090909090909091,1.734906315058987,0.6732495511669658,1.6572823474798126,0.6041211004949925
tottenham hotspur,38,24.9,21,5.8,220.5,11,5,46,2007,1.0256410256410258,0.8260869565217391,0.9658650116369277,0.8829787234042553,0.8823529411764706,0.6363636363636364,1.3416608836456165,0.5206463195691202,1.3926477043418397,0.507655116841257
everton fc,32,25.8,18,4.85,155.3,5,22,65,2007,0.863697705802969,0.6956521739130435,1.0007757951900698,0.9148936170212767,0.7563025210084033,0.5454545454545454,1.121906083738145,0.4353680430879712,0.9808534625137765,0.3575457580292391
manchester city,36,24.9,24,4.17,150.1,9,-8,55,2007,0.9716599190283401,0.782608695652174,0.9658650116369277,0.8829787234042553,1.0084033613445378,0.7272727272727273,0.9646079111727968,0.374326750448833,0.948010976969207,0.34557384597674684
portsmouth fc,33,27.0,22,4.28,141.3,8,8,57,2007,0.8906882591093118,0.717391304347826,1.047323506594259,0.9574468085106383,0.9243697478991596,0.6666666666666666,0.990053203793662,0.38420107719928187,0.892431386047628,0.3253136871186831
newcastle united,33,26.2,21,4.1,135.2,12,-20,43,2007,0.8906882591093118,0.717391304347826,1.016291698991466,0.9290780141843972,0.8823529411764706,0.6363636363636364,0.9484154522322461,0.36804308797127466,0.853904624158806,0.3112697133647979
middlesbrough fc,34,25.0,15,3.56,120.9,13,-10,42,2007,0.9176788124156546,0.7391304347826086,0.9697439875872769,0.8865248226950355,0.6302521008403361,0.45454545454545453,0.8235021975479991,0.31956912028725315,0.76358778891124,0.27834695522044434
west ham united,36,26.7,16,3.33,120.0,10,-8,49,2007,0.9716599190283401,0.782608695652174,1.0356865787432117,0.9468085106382979,0.6722689075630252,0.48484848484848486,0.7702984038861902,0.2989228007181328,0.7579035125669876,0.27627489351905143
aston villa,25,25.7,11,4.48,112.1,6,20,60,2007,0.6747638326585695,0.5434782608695652,0.9968968192397206,0.9113475177304965,0.4621848739495798,0.3333333333333333,1.036317372195235,0.4021543985637343,0.7080081979896609,0.2580867963623805
bolton wanderers,42,26.3,30,2.48,104.2,16,-18,37,2007,1.1336032388663968,0.9130434782608695,1.0201706749418153,0.9326241134751774,1.2605042016806722,0.9090909090909091,0.573675688179505,0.22262118491921004,0.6581128834123342,0.23989869920570966
fulham fc,43,28.2,33,2.3,99.05,17,-22,36,2007,1.1605937921727396,0.9347826086956522,1.0938712179984484,1.0,1.3865546218487395,1.0,0.5320379366180893,0.20646319569120283,0.625586190998001,0.2280419016921837
blackburn rovers,38,26.1,31,2.39,90.85,7,2,58,2007,1.0256410256410258,0.8260869565217391,1.012412723041117,0.9255319148936171,1.3025210084033614,0.9393939393939394,0.5528568123987972,0.21454219030520646,0.5737961176392569,0.2091631173017152
sunderland afc,46,25.4,33,1.82,83.6,15,-23,39,2007,1.241565452091768,1.0,0.9852598913886733,0.900709219858156,1.3865546218487395,1.0,0.4210039324543142,0.16337522441651706,0.5280061137550013,0.19247150915160582
birmingham city,33,25.2,23,2.5,82.5,19,-16,35,2007,0.8906882591093118,0.717391304347826,0.9775019394879751,0.8936170212765957,0.9663865546218487,0.696969696969697,0.5783021050196623,0.2244165170556553,0.521058664889804,0.18993898929434785
wigan athletic,35,27.3,23,2.22,77.75,14,-17,40,2007,0.9446693657219973,0.7608695652173914,1.0589604344453065,0.9680851063829787,0.9663865546218487,0.696969696969697,0.5135322692574602,0.1992818671454219,0.49105831751736073,0.17900310809255207
reading fc,43,25.4,30,1.53,65.93,18,-25,36,2007,1.1605937921727396,0.9347826086956522,0.9852598913886733,0.900709219858156,1.2605042016806722,0.9090909090909091,0.35392088827203333,0.13734290843806105,0.41640482152951247,0.15179003108092554
derby county,41,27.3,23,1.23,50.4,20,-69,11,2007,1.106612685560054,0.8913043478260869,1.0589604344453065,0.9680851063829787,0.9663865546218487,0.696969696969697,0.28452463566967384,0.1104129263913824,0.31831947527813476,0.1160354552780016
chelsea fc,33,26.9,24,13.59,448.55,3,44,83,2008,0.8930987821380243,0.75,1.0418280402788536,0.943859649122807,1.0619469026548671,0.7741935483870968,2.799752781211372,1.0,2.5022802520410696,1.0
manchester united,42,24.4,26,10.14,425.95,1,44,90,2008,1.1366711772665763,0.9545454545454546,0.9450038729666924,0.856140350877193,1.1504424778761062,0.8387096774193549,2.0889987639060568,0.7461368653421634,2.3762039312381975,0.9496154274885742
liverpool fc,33,25.3,27,10.39,342.85,2,50,86,2008,0.8930987821380243,0.75,0.9798605731990705,0.887719298245614,1.1946902654867255,0.8709677419354839,2.1405026782035437,0.764532744665195,1.912622415365691,0.7643518002452346
arsenal fc,41,22.6,31,7.6,311.45,4,31,72,2008,1.1096075778078485,0.9318181818181818,0.8752904725019365,0.7929824561403509,1.3716814159292035,1.0,1.5657189946435928,0.5592347314201619,1.7374544298254175,0.6943484561364396
tottenham hotspur,43,24.3,24,6.48,278.8,8,0,51,2008,1.1637347767253043,0.9772727272727273,0.941130906274206,0.8526315789473684,1.0619469026548671,0.7741935483870968,1.334981458590853,0.4768211920529802,1.555313196453127,0.6215583546984729
manchester city,39,25.1,27,6.62,258.35,10,8,50,2008,1.0554803788903924,0.8863636363636364,0.9721146398140976,0.880701754385965,1.1946902654867255,0.8709677419354839,1.3638236505974455,0.48712288447387786,1.441230861921325,0.5759670047932226
everton fc,32,25.3,16,5.95,190.33,5,18,63,2008,0.8660351826792962,0.7272727272727273,0.9798605731990705,0.887719298245614,0.7079646017699115,0.5161290322580645,1.2257931602801813,0.43782192788815305,1.0617746078942745,0.4243228179690113
aston villa,35,25.3,16,4.5,157.35,6,6,62,2008,0.9472259810554803,0.7954545454545454,0.9798605731990705,0.887719298245614,0.7079646017699115,0.5161290322580645,0.9270704573547589,0.33112582781456956,0.8777924370943312,0.3507970125961431
portsmouth fc,36,28.2,22,4.24,152.6,14,-19,41,2008,0.9742895805142083,0.8181818181818182,1.0921766072811774,0.9894736842105263,0.9734513274336283,0.7096774193548387,0.8735063864853729,0.31199411331861665,0.8512940953326656,0.34020733474529036
newcastle united,38,25.2,22,3.54,134.55,18,-19,34,2008,1.0284167794316643,0.8636363636363636,0.975987606506584,0.8842105263157894,0.9734513274336283,0.7096774193548387,0.7292954264524104,0.26048565121412803,0.7506003966383367,0.29996655891204993
west ham united,40,25.8,20,3.35,133.9,9,-3,51,2008,1.0825439783491204,0.9090909090909091,0.9992254066615027,0.9052631578947369,0.8849557522123893,0.6451612903225806,0.6901524515863205,0.246504782928624,0.7469743077656876,0.29851744510088063
sunderland afc,44,26.0,29,2.51,110.3,16,-20,36,2008,1.1907983761840324,1.0,1.0069713400464755,0.9122807017543859,1.2831858407079646,0.9354838709677419,0.5170992995467655,0.18469462840323767,0.6153193886972019,0.2459034667261175
wigan athletic,35,27.0,22,2.96,103.75,11,-11,45,2008,0.9472259810554803,0.7954545454545454,1.04570100697134,0.9473684210526315,0.9734513274336283,0.7096774193548387,0.6098063452822414,0.21780721118469462,0.5787795700574316,0.23130085832125738
blackburn rovers,36,26.7,27,2.53,91.2,15,-20,41,2008,0.9742895805142083,0.8181818181818182,1.0340821068938806,0.9368421052631579,1.1946902654867255,0.8709677419354839,0.5212196126905644,0.1861662987490802,0.5087681618239784,0.20332181473637276
middlesbrough fc,33,23.8,14,2.59,85.45,19,-29,32,2008,0.8930987821380243,0.75,0.9217660728117738,0.8350877192982457,0.6194690265486725,0.45161290322580644,0.5335805521219612,0.19058130978660778,0.4766912217966991,0.1905027310221826
fulham fc,38,26.8,24,2.21,83.85,7,5,53,2008,1.0284167794316643,0.8636363636363636,1.0379550735863672,0.9403508771929825,1.0619469026548671,0.7741935483870968,0.4552946023897816,0.1626195732155997,0.46776546457171697,0.1869356816408427
bolton wanderers,33,26.4,20,2.47,81.65,13,-12,41,2008,0.8930987821380243,0.75,1.0224632068164212,0.9263157894736842,0.8849557522123893,0.6451612903225806,0.5088586732591678,0.18175128771155263,0.4554925483873667,0.1820309887415004
west bromwich albion,35,25.4,25,1.89,66.1,20,-31,32,2008,0.9472259810554803,0.7954545454545454,0.9837335398915569,0.8912280701754386,1.1061946902654867,0.8064516129032258,0.38936959208899874,0.1390728476821192,0.36874534535707204,0.1473637275666035
hull city,35,28.5,17,1.85,64.7,17,-25,35,2008,0.9472259810554803,0.7954545454545454,1.1037955073586367,1.0,0.7522123893805309,0.5483870967741935,0.38112896580140093,0.13612950699043416,0.36093530778521277,0.14424255935793112
stoke city,38,27.4,19,1.67,63.45,12,-17,45,2008,1.0284167794316643,0.8636363636363636,1.0611928737412857,0.9614035087719298,0.8407079646017699,0.6129032258064516,0.3440461475072105,0.12288447387785136,0.3539620599531955,0.14145580202875935
chelsea fc,36,26.4,27,12.55,451.95,1,71,86,2009,0.9561752988047809,0.8,1.0113005171423097,0.9565217391304347,1.1587982832618025,0.8709677419354839,2.7288540987171124,1.0,2.5911666986776134,1.0
manchester united,40,25.5,25,9.62,384.88,2,58,85,2009,1.0624169986719787,0.8888888888888888,0.976824363148822,0.9239130434782609,1.0729613733905579,0.8064516129032258,2.0917590780604476,0.7665338645418326,2.2066340059454363,0.8515986281668326
liverpool fc,34,25.2,25,9.75,331.55,7,26,63,2009,0.903054448871182,0.7555555555555555,0.9653323118176594,0.9130434782608695,1.0729613733905579,0.8064516129032258,2.1200260926288323,0.7768924302788844,1.900876908831868,0.7335988494302468
arsenal fc,45,23.2,31,6.98,314.3,3,42,75,2009,1.1952191235059761,1.0,0.8887186362765753,0.8405797101449275,1.3304721030042919,1.0,1.5177212437486411,0.5561752988047809,1.8019774165159286,0.695430910498949
manchester city,40,25.6,25,7.81,312.5,5,28,67,2009,1.0624169986719787,0.8888888888888888,0.9806550469258764,0.927536231884058,1.0729613733905579,0.8064516129032258,1.6981952598390953,0.6223107569721115,1.7916574694916567,0.6914481690452484
tottenham hotspur,41,24.9,20,6.43,263.53,4,26,70,2009,1.0889774236387784,0.9111111111111111,0.9538402604864967,0.9021739130434782,0.8583690987124464,0.6451612903225806,1.3981300282670144,0.5123505976095617,1.5108975773924358,0.5830954751631817
everton fc,42,24.6,23,5.21,218.93,8,11,61,2009,1.1155378486055778,0.9333333333333333,0.9423482091553342,0.8913043478260869,0.9871244635193133,0.7419354838709677,1.1328549684714069,0.4151394422310757,1.2551922233465869,0.484411992477044
aston villa,31,27.1,14,5.4,167.38,6,13,64,2009,0.8233731739707836,0.6888888888888889,1.0381153035816895,0.9818840579710145,0.6008583690987124,0.45161290322580644,1.1741682974559686,0.4302788844621514,0.9596404071792431,0.3703507025113397
sunderland afc,38,26.1,26,3.46,131.58,13,-8,44,2009,1.0092961487383798,0.8444444444444444,0.9998084658111474,0.9456521739130435,1.1158798283261802,0.8387096774193549,0.7523374646662317,0.2756972111553785,0.7543881274742791,0.29113840026551613
west ham united,35,25.3,20,3.48,121.75,17,-19,35,2009,0.9296148738379815,0.7777777777777778,0.9691629955947136,0.9166666666666666,0.8583690987124464,0.6451612903225806,0.7566862361382909,0.27729083665338644,0.6980297501139494,0.2693882066600288
fulham fc,41,27.0,26,2.47,101.18,12,-7,46,2009,1.0889774236387784,0.9111111111111111,1.0342846198046352,0.9782608695652173,1.1158798283261802,0.8387096774193549,0.5370732767993042,0.19681274900398407,0.5800956888421307,0.22387432238079435
portsmouth fc,45,27.0,29,2.15,96.65,20,-32,19,2009,1.1952191235059761,1.0,1.0342846198046352,0.9782608695652173,1.2446351931330473,0.9354838709677419,0.4674929332463579,0.17131474103585656,0.5541238221643796,0.21385108972231442
blackburn rovers,35,26.8,29,2.62,91.63,10,-14,50,2009,0.9296148738379815,0.7777777777777778,1.0266232522505268,0.9710144927536232,1.2446351931330473,0.9354838709677419,0.5696890628397477,0.20876494023904382,0.5253426365744656,0.20274366633477153
bolton wanderers,32,26.9,18,2.68,85.8,14,-25,39,2009,0.849933598937583,0.7111111111111111,1.0304539360275808,0.9746376811594202,0.7725321888412017,0.5806451612903226,0.5827353772559252,0.21354581673306772,0.49191747482362924,0.1898440092930634
stoke city,39,27.0,18,2.07,80.7,11,-14,47,2009,1.0358565737051793,0.8666666666666667,1.0342846198046352,0.9782608695652173,0.7725321888412017,0.5806451612903226,0.45009784735812125,0.16494023904382468,0.4626776249215254,0.17855957517424495
wigan athletic,36,26.6,27,2.16,77.6,16,-42,36,2009,0.9561752988047809,0.8,1.0189618846964184,0.9637681159420289,1.1587982832618025,0.8709677419354839,0.4696673189823875,0.17211155378486057,0.44490438282416817,0.17170040933731606
hull city,37,27.6,23,1.98,73.2,19,-41,30,2009,0.9827357237715804,0.8222222222222222,1.0572687224669604,1.0,0.9871244635193133,0.7419354838709677,0.43052837573385516,0.15776892430278883,0.4196778456537257,0.161964819117159
birmingham city,36,27.1,19,1.93,69.65,9,-9,50,2009,0.9561752988047809,0.8,1.0381153035816895,0.9818840579710145,0.815450643776824,0.6129032258064516,0.4196564470537073,0.1537848605577689,0.39932461680030046,0.15410996791680498
wolverhampton wanderers,37,25.7,21,1.77,65.48,15,-24,38,2009,0.9827357237715804,0.8222222222222222,0.9844857307029304,0.931159420289855,0.9012875536480687,0.6774193548387096,0.38486627527723416,0.14103585657370518,0.3754167395274038,0.14488328354906518
burnley fc,33,26.5,20,1.46,48.15,18,-40,30,2009,0.8764940239043825,0.7333333333333333,1.015131200919364,0.9601449275362318,0.8583690987124464,0.6451612903225806,0.31746031746031744,0.11633466135458166,0.27605858289927443,0.10653833388649186
chelsea fc,33,25.9,23,12.85,424.1,2,36,71,2010,0.8753315649867374,0.7333333333333333,0.9927175162897662,0.8961937716262975,0.9871244635193133,0.7931034482758621,2.57,1.0,2.2478282300936554,1.0
manchester city,45,24.9,28,8.98,404.18,3,27,71,2010,1.1936339522546418,1.0,0.9543886546569568,0.8615916955017301,1.2017167381974247,0.9655172413793104,1.796,0.6988326848249028,2.142247616220829,0.9530299457675077
manchester united,43,25.7,29,9.02,388.0,1,41,80,2010,1.1405835543766578,0.9555555555555556,0.9850517439632044,0.889273356401384,1.2446351931330473,1.0,1.8039999999999998,0.7019455252918287,2.056489868607258,0.9148785663758547
liverpool fc,42,24.9,25,8.08,339.2,6,15,58,2010,1.1140583554376657,0.9333333333333333,0.9543886546569568,0.8615916955017301,1.0729613733905579,0.8620689655172413,1.616,0.6287937743190661,1.7978385655453144,0.7998113652440462
arsenal fc,34,24.8,27,9.53,324.0,4,29,68,2010,0.9018567639257293,0.7555555555555555,0.9505557684936758,0.8581314878892734,1.1587982832618025,0.9310344827586207,1.906,0.7416342412451361,1.7172750449194631,0.7639707616128272
tottenham hotspur,38,26.3,22,8.08,307.08,5,9,62,2010,1.0079575596816976,0.8444444444444444,1.0080490609428903,0.9100346020761246,0.944206008583691,0.7586206896551724,1.616,0.6287937743190661,1.627595125907002,0.7240745107286016
aston villa,39,26.7,21,5.2,202.8,9,-11,48,2010,1.0344827586206895,0.8666666666666667,1.023380605596014,0.9238754325259516,0.9012875536480687,0.7241379310344828,1.04,0.4046692607003891,1.074886972560701,0.4781891063428437
everton fc,32,25.4,21,5.76,184.48,7,6,54,2010,0.8488063660477453,0.7111111111111111,0.9735530854733615,0.8788927335640139,0.9012875536480687,0.7241379310344828,1.152,0.4482490272373541,0.9777867292800695,0.43499174722942696
sunderland afc,39,25.2,20,3.83,149.33,10,-11,47,2010,1.0344827586206895,0.8666666666666667,0.9658873131467997,0.8719723183391004,0.8583690987124464,0.6896551724137931,0.766,0.2980544747081712,0.7914835878327884,0.35211035133223295
west ham united,40,26.4,24,3.47,138.75,20,-27,33,2010,1.0610079575596816,0.8888888888888888,1.011881947106171,0.9134948096885813,1.0300429184549356,0.8275862068965517,0.6940000000000001,0.2700389105058366,0.7354071372918997,0.32716340485734496
newcastle united,38,25.2,17,3.14,119.48,12,-1,46,2010,1.0079575596816976,0.8444444444444444,0.9658873131467997,0.8719723183391004,0.7296137339055794,0.5862068965517241,0.628,0.24435797665369652,0.6332716739721527,0.2817260080169771
fulham fc,34,28.9,27,3.22,109.55,8,6,49,2010,0.9018567639257293,0.7555555555555555,1.1077041011881947,1.0,1.1587982832618025,0.9310344827586207,0.644,0.25058365758754864,0.5806403739843431,0.2583117189342136
bolton wanderers,34,26.9,18,2.95,100.15,14,-4,46,2010,0.9018567639257293,0.7555555555555555,1.0310463779225758,0.9307958477508651,0.7725321888412017,0.6206896551724138,0.5900000000000001,0.22957198443579768,0.5308181967551983,0.23614713510964394
birmingham city,34,27.3,20,2.81,95.38,18,-21,39,2010,0.9018567639257293,0.7555555555555555,1.0463779225756997,0.9446366782006921,0.8583690987124464,0.6896551724137931,0.562,0.21867704280155642,0.5055360919272173,0.22489978778589953
stoke city,33,28.5,20,2.86,94.45,13,-2,46,2010,0.8753315649867374,0.7333333333333333,1.092372556535071,0.986159169550173,0.8583690987124464,0.6896551724137931,0.572,0.222568093385214,0.500606876520504,0.2227069087479368
blackburn rovers,37,26.6,29,2.47,91.53,15,-13,43,2010,0.9814323607427055,0.8222222222222222,1.0195477194327331,0.9204152249134949,1.2446351931330473,1.0,0.49400000000000005,0.19221789883268484,0.48513020018974834,0.21582174015562366
west bromwich albion,37,25.8,24,2.35,86.88,11,-15,47,2010,0.9814323607427055,0.8222222222222222,0.9888846301264854,0.8927335640138409,1.0300429184549356,0.8275862068965517,0.47000000000000003,0.18287937743190663,0.4604841231561819,0.20485734496580993
wolverhampton wanderers,42,25.2,24,1.99,83.55,17,-20,40,2010,1.1140583554376657,0.9333333333333333,0.9658873131467997,0.8719723183391004,1.0300429184549356,0.8275862068965517,0.398,0.154863813229572,0.4428343518611763,0.19700542324923365
wigan athletic,35,25.5,24,2.3,80.5,16,-21,42,2010,0.9283819628647214,0.7777777777777778,0.9773859716366425,0.8823529411764707,1.0300429184549356,0.8275862068965517,0.45999999999999996,0.17898832684824903,0.42666864541980487,0.18981372317849562
blackpool fc,45,25.7,23,1.11,50.03,19,-23,39,2010,1.1936339522546418,1.0,0.9850517439632044,0.889273356401384,0.9871244635193133,0.7931034482758621,0.22200000000000003,0.08638132295719846,0.2651705879546936,0.11796746050459797
manchester city,36,25.9,24,13.85,498.6,1,64,89,2011,0.9756097560975611,0.72,0.9832953682611998,0.8900343642611683,1.054945054945055,0.6857142857142857,2.8893293000938773,1.0,2.7917445884052454,1.0
manchester united,41,25.1,24,9.86,404.1,2,56,89,2011,1.1111111111111112,0.82,0.9529233105542902,0.8625429553264605,1.054945054945055,0.6857142857142857,2.0569521226661105,0.711913357400722,2.2626233216497385,0.8104693140794224
chelsea fc,32,27.1,21,11.73,375.5,6,19,64,2011,0.8672086720867209,0.64,1.0288534548215644,0.9312714776632303,0.9230769230769231,0.6,2.4470637321372695,0.8469314079422383,2.102487149912093,0.7531087043722422
arsenal fc,45,24.7,35,8.05,362.43,3,25,70,2011,1.2195121951219512,0.9,0.9377372817008354,0.8487972508591065,1.5384615384615385,1.0,1.6793574632314594,0.5812274368231047,2.0293060392613578,0.7268953068592058
tottenham hotspur,50,25.7,27,6.47,323.5,4,25,69,2011,1.3550135501355014,1.0,0.9757023538344723,0.8831615120274914,1.1868131868131868,0.7714285714285715,1.3497444456034213,0.4671480144404332,1.811330474025465,0.6488166867228239
liverpool fc,31,26.1,18,7.64,236.9,8,7,52,2011,0.8401084010840109,0.62,0.9908883826879273,0.8969072164948454,0.7912087912087912,0.5142857142857142,1.5938249713153227,0.551624548736462,1.3264426253373498,0.47513036502206174
everton fc,36,26.8,25,4.72,169.95,7,10,56,2011,0.9756097560975611,0.72,1.0174639331814732,0.9209621993127147,1.098901098901099,0.7142857142857143,0.984666736205278,0.3407942238267148,0.951578405133316,0.34085439229843556
newcastle united,37,25.3,21,4.37,161.7,5,5,65,2011,1.0027100271002711,0.74,0.9605163249810176,0.8694158075601375,0.9230769230769231,0.6,0.9116511943256493,0.31552346570397116,0.9053852786705336,0.32430806257521055
sunderland afc,36,25.9,20,3.51,126.5,13,-1,45,2011,0.9756097560975611,0.72,0.9832953682611998,0.8900343642611683,0.8791208791208791,0.5714285714285714,0.7322415771357046,0.25342960288808664,0.7082946057626625,0.2537103890894504
aston villa,37,26.2,23,3.34,123.5,16,-16,38,2011,1.0027100271002711,0.74,0.9946848899012909,0.9003436426116838,1.010989010989011,0.6571428571428571,0.6967768853655992,0.2411552346570397,0.6914971052307416,0.24769354191736861
fulham fc,36,27.6,28,2.78,100.0,9,-3,52,2011,0.9756097560975611,0.72,1.047835990888383,0.9484536082474226,1.2307692307692308,0.8,0.5799520183581933,0.2007220216606498,0.5599166843973616,0.20056157240272762
bolton wanderers,38,26.4,19,2.37,90.05,18,-31,36,2011,1.029810298102981,0.76,1.0022779043280183,0.9072164948453607,0.8351648351648352,0.5428571428571428,0.494419526442057,0.17111913357400724,0.5042049742998241,0.18060569594865622
stoke city,32,29.1,16,2.55,81.65,14,-17,45,2011,0.8672086720867209,0.64,1.1047835990888384,1.0,0.7032967032967034,0.45714285714285713,0.5319703765515802,0.18411552346570395,0.4571719728104458,0.16375852386682713
queens park rangers,48,28.2,25,1.7,81.38,17,-23,37,2011,1.3008130081300813,0.96,1.070615034168565,0.9690721649484535,1.098901098901099,0.7142857142857143,0.3546469177010535,0.12274368231046931,0.4556601977625729,0.16321700762133973
blackburn rovers,37,25.9,26,2.16,80.0,19,-30,31,2011,1.0027100271002711,0.74,0.9832953682611998,0.8900343642611683,1.1428571428571428,0.7428571428571429,0.4506102013142798,0.15595667870036103,0.4479333475178893,0.1604492579221821
wolverhampton wanderers,37,25.6,24,2.11,78.05,20,-42,25,2011,1.0027100271002711,0.74,0.9719058466211088,0.8797250859106529,1.054945054945055,0.6857142857142857,0.44017940961718993,0.1523465703971119,0.43701497217214075,0.1565383072603289
swansea city,34,26.0,21,2.22,75.6,11,-7,47,2011,0.9214092140921409,0.68,0.9870918754745636,0.8934707903780068,0.9230769230769231,0.6,0.4631271513507876,0.16028880866425996,0.42329701340440534,0.15162454873646208
wigan athletic,30,26.7,22,2.48,74.25,15,-20,43,2011,0.8130081300813008,0.6,1.0136674259681095,0.9175257731958762,0.967032967032967,0.6285714285714286,0.5173672681756546,0.17906137184115523,0.415738138165041,0.14891696750902528
west bromwich albion,36,26.5,24,1.93,69.55,10,-7,47,2011,0.9756097560975611,0.72,1.006074411541382,0.9106529209621993,1.054945054945055,0.6857142857142857,0.40262855950766663,0.13935018050541517,0.389422053998365,0.13949057360609707
norwich city,29,26.0,12,2.03,58.75,12,-14,47,2011,0.7859078590785908,0.58,0.9870918754745636,0.8934707903780068,0.5274725274725275,0.34285714285714286,0.4234901429018462,0.14657039711191336,0.32895105208344994,0.11782992378660248
manchester city,41,25.3,29,12.25,502.1,2,32,78,2012,1.1156462585034013,0.9761904761904762,0.9660175639557084,0.8664383561643836,1.2446351931330473,0.8285714285714286,2.428387352562196,0.9169161676646707,2.64621790057578,1.0
manchester united,41,25.3,24,11.16,457.5,1,43,89,2012,1.1156462585034013,0.9761904761904762,0.9660175639557084,0.8664383561643836,1.0300429184549356,0.6857142857142857,2.2123104371097235,0.8353293413173654,2.4111624965413654,0.9111730730930093
chelsea fc,34,26.4,25,13.36,454.25,3,36,75,2012,0.9251700680272109,0.8095238095238095,1.0080183276059564,0.9041095890410958,1.0729613733905579,0.7142857142857143,2.6484289820596687,1.0,2.3940340197899785,0.9047002589125672
arsenal fc,42,24.4,35,7.07,296.9,4,35,73,2012,1.1428571428571428,1.0,0.9316533027873234,0.8356164383561644,1.502145922746781,1.0,1.4015264149073248,0.5291916167664671,1.5647522299959153,0.5913164708225452
tottenham hotspur,41,26.0,21,7.24,296.8,5,20,72,2012,1.1156462585034013,0.9761904761904762,0.9927453226422299,0.8904109589041096,0.9012875536480687,0.6,1.4352264842898206,0.5419161676646707,1.5642251999420267,0.5911173073093009
liverpool fc,41,24.0,21,6.73,276.1,7,28,61,2012,1.1156462585034013,0.9761904761904762,0.9163802978235969,0.8219178082191781,0.9012875536480687,0.6,1.3341262761423334,0.50374251497006,1.4551299787870404,0.5498904600677156
newcastle united,39,25.1,26,5.13,200.25,16,-23,41,2012,1.0612244897959184,0.9285714285714286,0.9583810614738452,0.8595890410958905,1.1158798283261802,0.7428571428571429,1.0169491525423728,0.38398203592814373,1.055377682912368,0.3988249352718582
everton fc,29,26.2,20,4.82,139.75,6,15,63,2012,0.7891156462585034,0.6904761904761905,1.0003818251240932,0.8972602739726028,0.8583690987124464,0.5714285714285714,0.9554960848448806,0.3607784431137725,0.7365245003096301,0.27833100975901215
sunderland afc,37,25.8,19,3.62,133.9,17,-13,39,2012,1.0068027210884354,0.8809523809523809,0.9851088201603667,0.8835616438356165,0.815450643776824,0.5428571428571428,0.7176132421449103,0.27095808383233533,0.705693242157134,0.2666799442342163
queens park rangers,38,29.2,22,3.16,120.05,20,-30,25,2012,1.034013605442177,0.9047619047619048,1.1149293623520429,1.0,0.944206008583691,0.6285714285714286,0.6264248191099216,0.23652694610778446,0.632699579693532,0.23909579764987052
aston villa,33,25.2,22,3.35,110.5,15,-22,41,2012,0.8979591836734694,0.7857142857142857,0.9621993127147767,0.863013698630137,0.944206008583691,0.6285714285714286,0.664089602537417,0.25074850299401197,0.5823682095471494,0.22007568213503284
fulham fc,37,28.0,32,2.97,109.85,12,-10,43,2012,1.0068027210884354,0.8809523809523809,1.069110347460863,0.9589041095890412,1.3733905579399142,0.9142857142857143,0.5887600356824264,0.2223053892215569,0.578942514196872,0.21878111929894442
stoke city,30,28.9,18,3.47,104.05,13,-11,42,2012,0.8163265306122449,0.7142857142857143,1.103474608629248,0.9897260273972602,0.7725321888412017,0.5142857142857142,0.687877886807414,0.2597305389221557,0.5483747710713203,0.20722963553077076
west ham united,39,25.9,20,2.64,103.0,10,-8,46,2012,1.0612244897959184,0.9285714285714286,0.9889270714012982,0.886986301369863,0.8583690987124464,0.5714285714285714,0.5233422539399346,0.1976047904191617,0.5428409555054877,0.20513841864170482
swansea city,33,26.7,22,3.1,102.25,9,-4,46,2012,0.8979591836734694,0.7857142857142857,1.0194730813287516,0.9143835616438356,0.944206008583691,0.6285714285714286,0.6145306769749231,0.2320359281437126,0.5388882301013215,0.20364469229237203
west bromwich albion,32,26.6,23,2.92,93.5,8,-4,49,2012,0.8707482993197279,0.7619047619047619,1.0156548300878199,0.9109589041095891,0.9871244635193133,0.6571428571428571,0.5788482505699276,0.218562874251497,0.4927731003860495,0.18621788488348934
wigan athletic,37,26.2,29,2.47,91.55,18,-26,36,2012,1.0068027210884354,0.8809523809523809,1.0003818251240932,0.8972602739726028,1.2446351931330473,0.8285714285714286,0.4896421845574388,0.1848802395209581,0.48249601433521744,0.18233419637522405
southampton fc,40,25.3,16,2.08,83.05,14,-11,41,2012,1.08843537414966,0.9523809523809523,0.9660175639557084,0.8664383561643836,0.6866952789699571,0.45714285714285713,0.41233026067994843,0.15568862275449102,0.4376984597546675,0.16540529774945228
norwich city,36,26.4,16,2.03,73.25,11,-17,44,2012,0.9795918367346939,0.8571428571428571,1.0080183276059564,0.9041095890410958,0.6866952789699571,0.45714285714285713,0.40241847556744964,0.15194610778443113,0.38604951447356284,0.14588727345150368
reading fc,35,26.9,26,1.32,46.25,19,-30,28,2012,0.9523809523809523,0.8333333333333334,1.0271095838106148,0.9212328767123288,1.1158798283261802,0.7428571428571429,0.2616711269699673,0.09880239520958085,0.24375139992358064,0.0921131248755228
chelsea fc,49,25.2,40,11.92,584.2,3,44,82,2013,1.2894736842105263,1.0,0.9660724554341575,0.9097472924187726,1.5533980582524272,1.0,2.199870812955615,0.7061611374407584,2.8928453823166036,1.0
manchester city,27,27.3,21,16.88,455.8,1,65,86,2013,0.7105263157894737,0.5510204081632653,1.046578493387004,0.9855595667870036,0.8155339805825242,0.525,3.115253298883455,1.0,2.2570334222182606,0.780212256076686
manchester united,37,26.1,24,10.88,402.55,7,21,64,2013,0.9736842105263158,0.7551020408163265,1.0005750431282345,0.9422382671480145,0.9320388349514563,0.6,2.0079357755836487,0.6445497630331755,1.99334972381299,0.6890619650804518
arsenal fc,41,25.0,35,9.41,385.75,4,27,79,2013,1.0789473684210527,0.8367346938775511,0.9584052137243626,0.9025270758122744,1.3592233009708738,0.875,1.736642982375196,0.5574644549763034,1.9101593738935805,0.6603046901745977
liverpool fc,36,24.6,25,8.77,315.75,2,51,84,2013,0.9473684210526315,0.7346938775510204,0.9430707303047728,0.888086642599278,0.970873786407767,0.625,1.6185291132232167,0.5195497630331753,1.5635329158960416,0.5404827114002053
tottenham hotspur,41,24.4,22,7.05,288.95,6,4,69,2013,1.0789473684210527,0.8367346938775511,0.9354034885949779,0.8808664259927798,0.8543689320388349,0.55,1.3010980898772724,0.41765402843601895,1.4308245005484124,0.4946080109551523
everton fc,34,26.5,23,6.18,210.0,5,22,72,2013,0.8947368421052632,0.6938775510204082,1.0159095265478244,0.9566787003610109,0.8932038834951457,0.575,1.1405370489988005,0.36611374407582936,1.0398793739926169,0.35946593632317697
newcastle united,37,25.3,27,4.66,172.3,10,-16,49,2013,0.9736842105263158,0.7551020408163265,0.969906076289055,0.9133574007220218,1.0485436893203883,0.675,0.8600166097628495,0.2760663507109005,0.8531962673282281,0.2949332420403971
southampton fc,35,24.7,17,3.76,131.5,8,8,56,2013,0.9210526315789473,0.7142857142857143,0.9469043511596702,0.8916967509025271,0.6601941747572816,0.425,0.6939189812678785,0.22274881516587677,0.651162560381091,0.22509414584046558
swansea city,36,26.1,28,3.58,128.93,12,0,42,2013,0.9473684210526315,0.7346938775510204,1.0005750431282345,0.9422382671480145,1.087378640776699,0.7,0.6606994555688844,0.21208530805687206,0.6384364175660385,0.22069496747689146
sunderland afc,39,26.0,28,3.13,122.0,14,-19,38,2013,1.0263157894736843,0.7959183673469388,0.9967414222733372,0.9386281588447654,1.087378640776699,0.7,0.5776506413213989,0.1854265402843602,0.6041203982242821,0.20883259157822662
fulham fc,48,26.4,36,2.35,112.65,19,-45,32,2013,1.263157894736842,0.9795918367346939,1.012075905692927,0.9530685920577617,1.3980582524271845,0.9,0.43369936329242414,0.139218009478673,0.5578210070488966,0.19282779869907565
west ham united,45,26.3,26,2.43,109.5,13,-11,40,2013,1.1842105263157894,0.9183673469387755,1.0082422848380295,0.9494584837545127,1.0097087378640777,0.65,0.44846359693642157,0.143957345971564,0.5422228164390073,0.18743580965422799
aston villa,36,25.2,23,3.04,109.5,15,-22,38,2013,0.9473684210526315,0.7346938775510204,0.9660724554341575,0.9097472924187726,0.8932038834951457,0.575,0.5610408784719019,0.18009478672985782,0.5422228164390073,0.18743580965422799
stoke city,33,27.1,23,3.17,104.7,9,-7,50,2013,0.868421052631579,0.673469387755102,1.0389112516772092,0.9783393501805054,0.8932038834951457,0.575,0.5850327581433976,0.1877962085308057,0.5184541450334618,0.1792194453954125
west bromwich albion,33,27.7,24,2.75,90.8,17,-16,36,2013,0.868421052631579,0.673469387755102,1.0619129768065938,1.0,0.9320388349514563,0.6,0.5075205315124112,0.16291469194312796,0.4496240340882362,0.15542622389592603
norwich city,32,27.0,18,2.79,89.3,18,-34,33,2013,0.8421052631578947,0.6530612244897959,1.0350776308223117,0.9747292418772563,0.6990291262135923,0.45,0.5149026483344099,0.16528436018957346,0.44219632427400324,0.1528586100650462
cardiff city,42,25.9,26,2.09,87.9,20,-42,30,2013,1.105263157894737,0.8571428571428571,0.9929078014184396,0.9350180505415162,1.0097087378640777,0.65,0.3857156039494325,0.12381516587677725,0.4352637951140525,0.15046217048955837
crystal palace,45,27.2,25,1.53,68.7,11,-15,45,2013,1.1842105263157894,0.9183673469387755,1.0427448725321065,0.9819494584837545,0.970873786407767,0.625,0.2823659684414506,0.09063981042654029,0.34018910949187037,0.11759671345429647
hull city,34,27.7,24,2.0,68.15,16,-15,37,2013,0.8947368421052632,0.6938775510204082,1.0619129768065938,1.0,0.9320388349514563,0.6,0.36910584109993544,0.11848341232227488,0.3374656158933183,0.11665525504964054
chelsea fc,38,25.4,28,14.66,557.25,1,41,87,2014,1.0187667560321716,0.8837209302325582,0.97150506789061,0.9071428571428571,1.1965811965811965,0.9333333333333333,2.638351480248358,1.0,2.646042806775959,1.0
manchester united,43,25.4,26,11.75,505.4,4,25,70,2014,1.1528150134048258,1.0,0.97150506789061,0.9071428571428571,1.1111111111111112,0.8666666666666667,2.114640511113111,0.8015006821282401,2.3998385545887295,0.9069537909376402
manchester city,34,27.1,27,13.18,448.25,2,45,79,2014,0.9115281501340483,0.7906976744186046,1.0365270606234462,0.9678571428571429,1.153846153846154,0.9,2.3719967605507066,0.8990450204638472,2.128467811821128,0.8043965903992822
arsenal fc,42,24.5,30,9.88,414.75,3,35,75,2014,1.126005361930295,0.9767441860465116,0.9370816599732262,0.875,1.2820512820512822,1.0,1.7780977233870243,0.6739427012278308,1.9693965977753771,0.7442799461641992
liverpool fc,35,24.8,21,9.28,324.85,6,4,62,2014,0.9383378016085792,0.813953488372093,0.9485561292790209,0.8857142857142858,0.8974358974358975,0.7,1.6701160802663546,0.6330150068212823,1.5425159367988701,0.5829519964109466
tottenham hotspur,42,25.2,25,7.24,304.15,5,5,64,2014,1.126005361930295,0.9767441860465116,0.963855421686747,0.9,1.0683760683760684,0.8333333333333334,1.3029784936560787,0.49386084583901774,1.4442241717019433,0.545805293853746
southampton fc,37,25.1,20,5.68,210.25,7,21,60,2014,0.9919571045576409,0.8604651162790697,0.9600305985848155,0.8964285714285715,0.8547008547008548,0.6666666666666666,1.0222262215423379,0.3874488403819918,0.9983499329289284,0.3772992373261552
everton fc,40,25.7,22,4.57,182.85,11,-2,47,2014,1.0723860589812333,0.9302325581395349,0.9829795371964046,0.9178571428571428,0.9401709401709403,0.7333333333333333,0.8224601817690993,0.3117326057298772,0.8682439250228516,0.32812920592193806
newcastle united,42,24.4,28,3.33,140.0,15,-23,39,2014,1.126005361930295,0.9767441860465116,0.9332568368712947,0.8714285714285713,1.1965811965811965,0.9333333333333333,0.5992981193197157,0.2271487039563438,0.6647752228777645,0.2512337371018394
west ham united,36,26.2,21,3.78,135.9,12,-3,47,2014,0.96514745308311,0.8372093023255814,1.0021036527060623,0.9357142857142857,0.8974358974358975,0.7,0.6802843516602177,0.2578444747612551,0.6453068056363442,0.24387617765814268
swansea city,36,25.8,26,3.63,130.75,8,-3,56,2014,0.96514745308311,0.8372093023255814,0.9868043602983363,0.9214285714285715,1.1111111111111112,0.8666666666666667,0.6532889408800504,0.247612551159618,0.6208525742233407,0.23463436518618214
hull city,35,27.5,25,3.35,117.1,18,-18,35,2014,0.9383378016085792,0.813953488372093,1.0518263530311722,0.9821428571428571,1.0683760683760684,0.8333333333333334,0.602897507423738,0.22851296043656208,0.5560369899927586,0.2101390758187528
aston villa,38,25.9,20,3.01,114.25,17,-26,38,2014,1.0187667560321716,0.8837209302325582,0.9906291834002677,0.9249999999999999,0.8547008547008548,0.6666666666666666,0.5417079096553585,0.2053206002728513,0.5425040658127471,0.20502467474203678
queens park rangers,41,26.6,25,2.74,112.25,20,-31,30,2014,1.0991957104557641,0.9534883720930233,1.0174029451137885,0.9500000000000001,1.0683760683760684,0.8333333333333334,0.49311617025105736,0.18690313778990453,0.5330072769144933,0.20143562135486764
stoke city,30,28.0,23,3.68,110.5,9,3,54,2014,0.804289544235925,0.6976744186046512,1.07095046854083,1.0,0.982905982905983,0.7666666666666667,0.6622874111401063,0.25102319236016374,0.5246975866285213,0.19829519964109465
crystal palace,42,27.6,26,2.32,97.25,10,-4,48,2014,1.126005361930295,0.9767441860465116,1.055651176133104,0.9857142857142858,1.1111111111111112,0.8666666666666667,0.41752902006658865,0.15825375170532058,0.46178136017759,0.17451772095109916
west bromwich albion,34,27.0,23,2.82,95.95,13,-13,44,2014,0.9115281501340483,0.7906976744186046,1.0327022375215147,0.9642857142857143,0.982905982905983,0.7666666666666667,0.5075137226671466,0.1923601637107776,0.455608447393725,0.17218483624943923
sunderland afc,34,26.3,20,2.68,91.0,16,-22,38,2014,0.9115281501340483,0.7906976744186046,1.0059284758079938,0.9392857142857143,0.8547008547008548,0.6666666666666666,0.48231800593899044,0.18281036834924966,0.4321038948705469,0.1633019291161956
leicester city,37,27.4,19,1.8,66.7,14,-9,41,2014,0.9919571045576409,0.8604651162790697,1.0480015299292407,0.9785714285714285,0.811965811965812,0.6333333333333333,0.32394492936200847,0.12278308321964529,0.3167179097567635,0.11969493046209063
burnley fc,30,27.0,13,1.75,52.55,19,-25,33,2014,0.804289544235925,0.6976744186046512,1.0327022375215147,0.9642857142857143,0.5555555555555556,0.43333333333333335,0.3149464591019527,0.11937244201909959,0.249528128301618,0.094302377747869
chelsea fc,40,25.2,31,13.84,553.5,10,6,50,2015,1.0075566750629723,0.8,0.9724098012733938,0.9032258064516129,1.2375249500998005,0.8857142857142857,2.2288429020049922,1.0,2.2787014489412374,1.0
manchester city,38,25.9,27,13.14,499.35,4,30,66,2015,0.9571788413098236,0.76,0.9994211846420992,0.9283154121863799,1.0778443113772456,0.7714285714285715,2.1161124084064737,0.9494219653179191,2.05577157819116,0.9021680216802168
arsenal fc,41,25.2,30,11.17,457.85,2,29,71,2015,1.0327455919395465,0.82,0.9724098012733938,0.9032258064516129,1.1976047904191616,0.8571428571428571,1.7988565907077865,0.8070809248554913,1.8849204307095675,0.8271906052393858
manchester united,44,24.1,27,10.0,439.85,5,14,66,2015,1.1083123425692694,0.88,0.9299633416939997,0.8637992831541219,1.0778443113772456,0.7714285714285715,1.610435622835977,0.7225433526011561,1.8108163185488768,0.7946702800361337
liverpool fc,44,23.9,27,8.53,375.25,8,13,60,2015,1.1083123425692694,0.88,0.9222458035886552,0.8566308243727598,1.0778443113772456,0.7714285714285715,1.3737015862790882,0.616329479768786,1.544864893794398,0.6779584462511292
tottenham hotspur,31,24.2,16,12.0,371.85,3,34,70,2015,0.7808564231738034,0.62,0.9338221107466718,0.8673835125448028,0.6387225548902196,0.45714285714285713,1.9325227474031725,0.8670520231213873,1.5308674503862678,0.6718157181571817
everton fc,39,26.1,22,6.41,249.85,11,4,47,2015,0.9823677581863979,0.78,1.0071387227474438,0.935483870967742,0.8782435129740519,0.6285714285714286,1.0322892342378613,0.46315028901734107,1.0286062457415865,0.4514001806684733
southampton fc,35,25.6,20,6.44,225.5,6,18,63,2015,0.8816120906801007,0.7,0.9878448774840827,0.917562724014337,0.7984031936127745,0.5714285714285714,1.0371205411063693,0.4653179190751445,0.9283598495686524,0.4074074074074074
west ham united,50,24.7,28,4.03,201.33,7,14,62,2015,1.2594458438287153,1.0,0.9531159560100328,0.8853046594982079,1.1177644710578842,0.8,0.6490055560028988,0.2911849710982659,0.828854494517325,0.363739837398374
newcastle united,42,25.2,28,4.71,198.0,18,-21,37,2015,1.0579345088161207,0.84,0.9724098012733938,0.9032258064516129,1.1177644710578842,0.8,0.7585151783557452,0.3403179190751445,0.8151452337675972,0.35772357723577236
leicester city,35,27.3,21,4.6,161.1,1,32,81,2015,0.8816120906801007,0.7,1.05344395137951,0.9784946236559141,0.8383233532934131,0.6,0.7408003865045494,0.33236994219653176,0.6632318038381813,0.29105691056910565
stoke city,31,27.9,24,4.74,147.0,9,-14,51,2015,0.7808564231738034,0.62,1.0765965656955432,1.0,0.9580838323353293,0.6857142857142857,0.7633464852242532,0.342485549132948,0.6051835826456403,0.26558265582655827
swansea city,36,26.4,27,4.05,145.8,12,-10,47,2015,0.906801007556675,0.72,1.0187150299054601,0.946236559139785,1.0778443113772456,0.7714285714285715,0.6522264272485707,0.2926300578034682,0.6002433085015944,0.2634146341463415
watford fc,39,27.8,35,3.51,137.0,13,-10,45,2015,0.9823677581863979,0.78,1.072737796642871,0.9964157706093191,1.3972055888223553,1.0,0.565262903615428,0.2536127167630058,0.5640146314452567,0.24751580849141824
crystal palace,38,27.2,20,3.57,135.7,15,-12,42,2015,0.9571788413098236,0.76,1.0495851823268378,0.974910394265233,0.7984031936127745,0.5714285714285714,0.5749255173524438,0.2579479768786127,0.5586626677892067,0.24516711833785002
aston villa,44,25.1,24,2.68,117.95,20,-49,17,2015,1.1083123425692694,0.88,0.9685510322207217,0.899641577060932,0.9580838323353293,0.6857142857142857,0.4315967469200419,0.19364161849710984,0.4855877794085257,0.21309846431797652
norwich city,41,27.0,23,2.85,116.9,19,-28,34,2015,1.0327455919395465,0.82,1.0418676442214934,0.967741935483871,0.9181636726546906,0.6571428571428571,0.45897415250825346,0.2059248554913295,0.4812650395324854,0.21120144534778681
west bromwich albion,35,26.9,22,3.23,113.1,14,-14,43,2015,0.8816120906801007,0.7,1.0380088751688212,0.96415770609319,0.8782435129740519,0.6285714285714286,0.5201707061760206,0.2333815028901734,0.4656208380763396,0.2043360433604336
sunderland afc,42,27.0,27,2.65,111.25,17,-14,39,2015,1.0579345088161207,0.84,1.0418676442214934,0.967741935483871,1.0778443113772456,0.7714285714285715,0.4267654400515339,0.19147398843930635,0.4580045821042686,0.2009936766034327
afc bournemouth,49,25.6,22,2.04,99.9,16,-22,42,2015,1.234256926952141,0.98,0.9878448774840827,0.917562724014337,0.8782435129740519,0.6285714285714286,0.32852886705853934,0.14739884393063585,0.41127782249183314,0.1804878048780488
chelsea fc,49,25.4,41,14.01,686.7,1,52,93,2016,1.2531969309462916,1.0,0.9676190476190476,0.910394265232975,1.6334661354581672,1.0,1.8795277703246582,0.8506375227686703,2.336326180666365,1.0
manchester city,35,26.9,29,16.47,576.5,3,41,78,2016,0.8951406649616368,0.7142857142857143,1.0247619047619048,0.96415770609319,1.1553784860557768,0.7073170731707317,2.209551918433056,1.0,1.9613980532316286,0.8395223532838211
tottenham hotspur,38,24.1,20,14.31,543.65,2,60,86,2016,0.9718670076726342,0.7755102040816326,0.9180952380952382,0.8637992831541219,0.796812749003984,0.4878048780487805,1.9197746176549508,0.8688524590163935,1.849634087839332,0.791684869666521
arsenal fc,42,25.3,26,12.9,542.0,5,33,75,2016,1.0741687979539642,0.8571428571428571,0.9638095238095238,0.906810035842294,1.0358565737051793,0.6341463414634146,1.730614435202576,0.7832422586520948,1.8440203726826414,0.7892820736857433
manchester united,42,25.0,26,12.65,531.45,6,25,69,2016,1.0741687979539642,0.8571428571428571,0.9523809523809523,0.8960573476702509,1.0358565737051793,0.6341463414634146,1.6970753957606657,0.7680631451123255,1.8081266181959221,0.7739187418086501
liverpool fc,38,24.9,24,11.2,425.65,4,36,76,2016,0.9718670076726342,0.7755102040816326,0.9485714285714285,0.8924731182795699,0.9561752988047808,0.5853658536585366,1.5025489669975853,0.6800242865816636,1.4481683978456943,0.6198485510412115
everton fc,39,26.4,26,7.98,311.25,7,18,61,2016,0.9974424552429667,0.7959183673469388,1.0057142857142856,0.946236559139785,1.0358565737051793,0.6341463414634146,1.0705661389857797,0.4845173041894354,1.0589508136484727,0.4532546963739624
west ham united,44,25.1,29,6.21,273.05,11,-17,45,2016,1.1253196930946292,0.8979591836734694,0.9561904761904763,0.899641577060932,1.1553784860557768,0.7073170731707317,0.833109739737054,0.3770491803278689,0.9289848021420577,0.39762632881898935
southampton fc,36,25.9,19,7.33,263.75,8,-7,46,2016,0.9207161125319693,0.7346938775510204,0.9866666666666666,0.9283154121863799,0.7569721115537849,0.4634146341463415,0.9833646364368126,0.44505160898603524,0.8973438621679828,0.3840832969273336
crystal palace,45,26.6,27,5.08,228.43,14,-13,41,2016,1.1508951406649617,0.9183673469387755,1.0133333333333334,0.9534050179211471,1.0756972111553784,0.6585365853658537,0.6815132814596191,0.30843958712811176,0.7771763352987007,0.3326489005388088
leicester city,31,27.1,22,7.05,218.65,12,-15,44,2016,0.7928388746803069,0.6326530612244898,1.0323809523809524,0.971326164874552,0.8764940239043825,0.5365853658536586,0.9458009122618729,0.42805100182149364,0.7439023145517704,0.318406873452745
stoke city,34,27.7,27,5.47,186.0,13,-15,44,2016,0.8695652173913043,0.6938775510204082,1.0552380952380953,0.992831541218638,1.0756972111553784,0.6585365853658537,0.7338341829889993,0.3321190042501518,0.6328187994814969,0.27086063783311487
watford fc,46,27.3,37,3.82,175.65,17,-28,40,2016,1.1764705882352942,0.9387755102040817,1.04,0.9784946236559141,1.4741035856573705,0.9024390243902439,0.5124765226723907,0.23193685488767457,0.5976054953168006,0.25578855395369154
swansea city,37,27.4,28,4.25,157.1,15,-25,41,2016,0.9462915601023018,0.7551020408163265,1.0438095238095237,0.982078853046595,1.1155378486055776,0.6829268292682927,0.5701636705124766,0.2580449301760777,0.5344937279491567,0.22877530216979755
hull city,42,26.5,24,3.23,135.85,18,-43,34,2016,1.0741687979539642,0.8571428571428571,1.0095238095238095,0.949820788530466,0.9561752988047808,0.5853658536585366,0.4333243895894822,0.19611414693381907,0.46219588123420074,0.19783020241735835
sunderland afc,42,25.8,27,3.14,132.0,20,-40,24,2016,1.0741687979539642,0.8571428571428571,0.9828571428571429,0.924731182795699,1.0756972111553784,0.6585365853658537,0.4212503353903945,0.19064966605950215,0.4490972125352558,0.19222367846221056
afc bournemouth,41,24.8,16,3.21,131.6,9,-12,46,2016,1.0485933503836318,0.8367346938775511,0.9447619047619048,0.888888888888889,0.6374501992031872,0.3902439024390244,0.43064126643412937,0.19489981785063754,0.4477363118912096,0.1916411824668705
middlesbrough fc,35,27.9,21,3.68,128.8,19,-26,28,2016,0.8951406649616368,0.7142857142857143,1.0628571428571427,1.0,0.8366533864541832,0.5121951219512195,0.49369466058492095,0.2234365513054038,0.438210007382886,0.18756371049949033
west bromwich albion,30,27.7,18,4.11,123.2,10,-8,45,2016,0.7672634271099744,0.6122448979591837,1.0552380952380953,0.992831541218638,0.7171314741035856,0.43902439024390244,0.5513818084250068,0.24954462659380697,0.4191573983662388,0.17940876656472987
burnley fc,36,27.2,15,2.98,107.18,16,-16,40,2016,0.9207161125319693,0.7346938775510204,1.036190476190476,0.974910394265233,0.597609561752988,0.36585365853658536,0.3997853501475718,0.1809350333940498,0.36465332757218727,0.1560798019513616
manchester city,32,25.5,22,31.53,1010.0,1,79,100,2017,0.8683853459972862,0.6666666666666666,0.9692132269099201,0.901060070671378,0.9421841541755888,0.6666666666666666,2.8550731199348034,1.0,2.498484829744338,1.0
chelsea fc,46,25.3,33,19.22,884.25,5,24,70,2017,1.248303934871099,0.9583333333333334,0.9616115545419992,0.8939929328621908,1.4132762312633833,1.0,1.7403902748222935,0.6095781795115762,2.187411099704387,0.8754950495049505
liverpool fc,35,25.4,21,24.5,857.5,4,46,75,2017,0.9497964721845319,0.7291666666666666,0.9654123907259595,0.8975265017667844,0.899357601713062,0.6363636363636364,2.2184995698827366,0.7770377418331748,2.121238357926505,0.849009900990099
manchester united,35,26.6,23,24.27,849.5,2,40,81,2017,0.9497964721845319,0.7291666666666666,1.0110224249334854,0.9399293286219081,0.9850107066381155,0.696969696969697,2.197672839226694,0.769743101807802,2.101448379077045,0.8410891089108911
tottenham hotspur,34,25.2,22,24.4,829.6,3,38,77,2017,0.9226594301221167,0.7083333333333334,0.9578107183580387,0.8904593639575972,0.9421841541755888,0.6666666666666666,2.209444469597501,0.7738661592134475,2.052220806689013,0.8213861386138614
arsenal fc,45,25.4,27,15.42,694.0,6,23,63,2017,1.2211668928086838,0.9375,0.9654123907259595,0.8975265017667844,1.1563169164882225,0.8181818181818182,1.3962964639833386,0.48905803996194097,1.716780665190664,0.6871287128712872
everton fc,48,25.4,31,7.94,381.25,8,-14,49,2017,1.3025780189959293,1.0,0.9654123907259595,0.8975265017667844,1.3276231263383296,0.9393939393939394,0.7189749626477113,0.25182366000634315,0.9431161795445832,0.3774752475247525
leicester city,34,27.0,23,8.95,304.25,9,-4,47,2017,0.9226594301221167,0.7083333333333334,1.026225769669327,0.9540636042402827,0.9850107066381155,0.696969696969697,0.8104314755285914,0.2838566444655883,0.7526376331185296,0.3012376237623762
southampton fc,29,26.4,16,10.24,297.0,17,-19,36,2017,0.7869742198100407,0.6041666666666666,1.0034207525655643,0.9328621908127208,0.6852248394004282,0.48484848484848486,0.9272422692081315,0.32477006026006977,0.7347029647862063,0.29405940594059404
west ham united,41,25.7,25,6.36,260.6,13,-20,42,2017,1.112618724559023,0.8541666666666666,0.976814899277841,0.9081272084805653,1.070663811563169,0.7575757575757576,0.5759043781409879,0.2017126546146527,0.6446585610211629,0.258019801980198
crystal palace,41,26.3,24,5.38,220.73,11,-10,44,2017,1.112618724559023,0.8541666666666666,0.9996199163816039,0.9293286219081273,1.0278372591006424,0.7272727272727273,0.48716439534567846,0.17063114494132572,0.5460302539301661,0.21854455445544554
newcastle united,37,25.9,27,5.63,208.28,10,-8,44,2017,1.0040705563093621,0.7708333333333334,0.9844165716457619,0.9151943462897526,1.1563169164882225,0.8181818181818182,0.5098021460587676,0.17856010149064383,0.5152320993456938,0.2062178217821782
watford fc,37,27.4,28,5.3,196.0,14,-20,41,2017,1.0040705563093621,0.7708333333333334,1.041429114405169,0.9681978798586571,1.1991434689507494,0.8484848484848485,0.4799203151174899,0.16809387884554391,0.48485448181177254,0.19405940594059407
stoke city,35,26.8,27,5.5,192.45,19,-33,33,2017,0.9497964721845319,0.7291666666666666,1.0186240973014062,0.9469964664310954,1.1563169164882225,0.8181818181818182,0.49803051568796125,0.1744370440849984,0.4760726786973246,0.19054455445544552
burnley fc,30,28.3,16,5.64,169.3,7,-3,54,2017,0.8141112618724559,0.625,1.0756366400608133,1.0,0.6852248394004282,0.48484848484848486,0.5107076560872912,0.17887725975261654,0.4188054274016995,0.16762376237623763
west bromwich albion,33,27.0,17,5.03,165.95,20,-25,31,2017,0.8955223880597014,0.6875,1.026225769669327,0.9540636042402827,0.728051391862955,0.5151515151515151,0.45547154434735365,0.15953060577228037,0.410518373758488,0.1643069306930693
swansea city,36,26.8,25,4.6,165.49,18,-28,33,2017,0.9769335142469471,0.75,1.0186240973014062,0.9469964664310954,1.070663811563169,0.7575757575757576,0.4165346131208403,0.1458928005074532,0.4093804499746441,0.16385148514851486
brighton & hove albion,39,27.3,27,3.8,148.2,15,-20,40,2017,1.0583446404341927,0.8125,1.0376282782212085,0.9646643109540636,1.1563169164882225,0.8181818181818182,0.344093810838955,0.12052013954963525,0.3666093581862484,0.14673267326732672
afc bournemouth,35,26.4,14,4.13,144.5,12,-16,44,2017,0.9497964721845319,0.7291666666666666,1.0034207525655643,0.9328621908127208,0.5995717344753747,0.42424242424242425,0.37397564178023274,0.13098636219473517,0.3574564929683731,0.14306930693069306
huddersfield town,35,26.1,19,3.03,106.05,16,-30,37,2017,0.9497964721845319,0.7291666666666666,0.992018244013683,0.9222614840989399,0.8137044967880085,0.5757575757575758,0.27436953864264046,0.09609895337773548,0.2623409071231555,0.105
manchester city,47,24.6,36,25.61,1200.0,1,72,98,2018,1.2207792207792207,0.8703703703703703,0.9371428571428572,0.8601398601398601,1.4257425742574257,0.9,2.078818133852835,0.851962741184298,2.447780678851175,1.0
liverpool fc,39,25.2,25,30.06,1170.0,2,67,97,2018,1.0129870129870129,0.7222222222222222,0.96,0.881118881118881,0.9900990099009901,0.625,2.4400340922927066,1.0,2.3865861618798956,0.975
chelsea fc,54,26.2,40,21.6,1170.0,3,24,72,2018,1.4025974025974026,1.0,0.998095238095238,0.916083916083916,1.5841584158415842,1.0,1.75331791062949,0.7185628742514971,2.3865861618798956,0.975
tottenham hotspur,34,26.0,20,26.43,898.6,4,28,71,2018,0.8831168831168831,0.6296296296296297,0.9904761904761905,0.9090909090909091,0.7920792079207921,0.5,2.145379276756362,0.8792415169660679,1.832979765013055,0.7488333333333334
manchester united,36,25.9,23,22.16,797.6,6,11,66,2018,0.935064935064935,0.6666666666666666,0.9866666666666666,0.9055944055944055,0.9108910891089109,0.575,1.7987743009050692,0.7371922821024618,1.6269582245430811,0.6646666666666667
arsenal fc,42,25.4,28,15.69,659.05,5,22,70,2018,1.0909090909090908,0.7777777777777778,0.9676190476190476,0.888111888111888,1.108910891089109,0.7,1.2735906489711433,0.5219560878243513,1.3443415469973892,0.5492083333333333
everton fc,40,26.6,29,13.23,529.1,8,8,54,2018,1.0389610389610389,0.7407407407407407,1.0133333333333334,0.9300699300699301,1.1485148514851484,0.725,1.0739072202605626,0.44011976047904194,1.0792672976501307,0.4409166666666667
leicester city,37,26.9,28,11.73,434.1,9,3,52,2018,0.961038961038961,0.6851851851851852,1.0247619047619048,0.9405594405594405,1.108910891089109,0.7,0.9521490320224035,0.39021956087824355,0.8854846605744127,0.36175
west ham united,37,27.1,24,9.7,359.0,10,-3,52,2018,0.961038961038961,0.6851851851851852,1.0323809523809524,0.9475524475524476,0.9504950495049505,0.6,0.7873696172734282,0.3226879574184963,0.7322943864229766,0.2991666666666667
afc bournemouth,37,26.2,17,8.38,310.0,14,-14,45,2018,0.961038961038961,0.6851851851851852,0.998095238095238,0.916083916083916,0.6732673267326733,0.425,0.6802224116238484,0.2787757817697938,0.6323433420365536,0.25833333333333336
southampton fc,40,25.5,19,7.64,305.4,16,-20,39,2018,1.0389610389610389,0.7407407407407407,0.9714285714285714,0.8916083916083916,0.7524752475247525,0.475,0.6201550387596899,0.2541583499667332,0.622960182767624,0.2545
wolverhampton wanderers,40,24.5,26,7.57,302.9,7,1,57,2018,1.0389610389610389,0.7407407407407407,0.9333333333333333,0.8566433566433566,1.0297029702970297,0.65,0.6144729899752426,0.2518296739853626,0.617860639686684,0.2524166666666666
crystal palace,36,26.9,22,8.03,289.0,12,-2,49,2018,0.935064935064935,0.6666666666666666,1.0247619047619048,0.9405594405594405,0.8712871287128713,0.55,0.6518121677016112,0.2671324018629408,0.589507180156658,0.24083333333333334
fulham fc,33,26.2,26,7.7,254.25,19,-47,26,2018,0.8571428571428571,0.6111111111111112,0.998095238095238,0.916083916083916,1.0297029702970297,0.65,0.6250253662892163,0.25615435795076513,0.5186235313315928,0.211875
newcastle united,37,26.6,25,6.61,244.65,13,-6,45,2018,0.961038961038961,0.6851851851851852,1.0133333333333334,0.9300699300699301,0.9900990099009901,0.625,0.5365477495028208,0.21989354624085164,0.49904128590078334,0.203875
watford fc,39,26.7,32,6.13,239.1,11,-7,50,2018,1.0129870129870129,0.7222222222222222,1.0171428571428571,0.9335664335664335,1.2673267326732673,0.8,0.49758512926660986,0.20392548236859614,0.48772030026109664,0.19924999999999998
burnley fc,33,28.6,14,5.98,197.25,15,-23,40,2018,0.8571428571428571,0.6111111111111112,1.0895238095238096,1.0,0.5544554455445545,0.35,0.485409310442794,0.1989354624085163,0.4023539490861619,0.164375
brighton & hove albion,41,26.3,29,4.74,194.35,17,-25,36,2018,1.0649350649350648,0.7592592592592593,1.0019047619047619,0.9195804195804196,1.1485148514851484,0.725,0.3847558748325825,0.15768463073852296,0.3964384791122716,0.16195833333333332
huddersfield town,33,25.8,21,4.17,137.45,20,-54,16,2018,0.8571428571428571,0.6111111111111112,0.9828571428571429,0.9020979020979021,0.8316831683168316,0.525,0.3384877633020821,0.13872255489021956,0.2803728785900783,0.11454166666666665
cardiff city,35,27.8,21,3.23,113.0,18,-35,34,2018,0.9090909090909091,0.6481481481481481,1.059047619047619,0.972027972027972,0.8316831683168316,0.525,0.26218596533950245,0.1074517631403859,0.23049934725848567,0.09416666666666666
manchester city,35,25.4,25,29.96,1050.0,2,67,81,2019,0.9032258064516129,0.625,0.9869827083738099,0.910394265232975,1.0775862068965518,0.78125,2.7985614870860775,1.0,2.5298278753300827,1.0
liverpool fc,56,23.8,32,17.9,1000.0,1,52,99,2019,1.4451612903225806,1.0,0.9248105692636487,0.8530465949820789,1.3793103448275863,1.0,1.672037737611508,0.5974632843791722,2.409359881266745,0.9523809523809523
tottenham hotspur,36,25.3,22,22.41,806.8,6,14,59,2019,0.9290322580645162,0.6428571428571429,0.9830969496794248,0.906810035842294,0.9482758620689655,0.6875,2.093316519546028,0.7479973297730307,1.9438715522060102,0.7683809523809524
chelsea fc,36,24.7,23,19.61,705.85,4,15,66,2019,0.9290322580645162,0.6428571428571429,0.9597823975131143,0.8853046594982079,0.9913793103448276,0.71875,1.8317687170146189,0.654539385847797,1.7006466721921323,0.6722380952380953
manchester united,43,24.4,27,15.59,670.45,3,30,66,2019,1.1096774193548387,0.7678571428571429,0.9481251214299591,0.8745519713261649,1.1637931034482758,0.84375,1.4562608005230957,0.5203604806408545,1.6153553323952896,0.6385238095238096
arsenal fc,38,24.8,24,15.99,607.65,8,8,56,2019,0.9806451612903225,0.6785714285714286,0.9636681562074995,0.888888888888889,1.0344827586206897,0.75,1.4936247723132972,0.5337116154873164,1.4640475318517379,0.5787142857142857
everton fc,35,26.5,22,12.02,420.55,12,-12,49,2019,0.9032258064516129,0.625,1.0297260540120456,0.949820788530466,0.9482758620689655,0.6875,1.1227873522955492,0.40120160213618156,1.01325629806673,0.40052380952380956
leicester city,32,26.4,21,12.85,411.1,5,26,62,2019,0.8258064516129032,0.5714285714285714,1.0258402953176606,0.946236559139785,0.9051724137931034,0.65625,1.2003175937602168,0.4289052069425901,0.990487847188759,0.39152380952380955
wolverhampton wanderers,44,23.6,30,7.28,320.33,7,11,59,2019,1.135483870967742,0.7857142857142857,0.9170390518748786,0.845878136200717,1.293103448275862,0.9375,0.6800242865816637,0.24299065420560748,0.7717902507661765,0.30507619047619045
west ham united,38,27.0,27,7.99,303.6,16,-13,39,2019,0.9806451612903225,0.6785714285714286,1.0491548474839711,0.967741935483871,1.1637931034482758,0.84375,0.746345336509271,0.2666889185580774,0.731481659952584,0.28914285714285715
afc bournemouth,39,25.4,17,6.98,272.18,18,-25,34,2019,1.0064516129032257,0.6964285714285714,0.9869827083738099,0.910394265232975,0.7327586206896552,0.53125,0.6520013077390128,0.23297730307076103,0.6557795724831827,0.2592190476190476
newcastle united,41,26.6,25,6.16,252.48,13,-20,44,2019,1.0580645161290323,0.7321428571428571,1.0336118127064309,0.9534050179211471,1.0775862068965518,0.78125,0.5754051655691,0.205607476635514,0.6083151828222279,0.24045714285714284
aston villa,38,26.2,22,6.1,231.7,17,-26,35,2019,0.9806451612903225,0.6785714285714286,1.0180687779288904,0.9390681003584229,0.9482758620689655,0.6875,0.5698005698005698,0.2036048064085447,0.5582486844895048,0.22066666666666665
southampton fc,36,25.0,20,5.85,210.75,11,-9,52,2019,0.9290322580645162,0.6428571428571429,0.9714396735962696,0.8960573476702509,0.8620689655172414,0.625,0.546448087431694,0.195260347129506,0.5077725949769666,0.2007142857142857
brighton & hove albion,45,25.3,29,4.46,200.78,15,-15,41,2019,1.1612903225806452,0.8035714285714286,0.9830969496794248,0.906810035842294,1.25,0.90625,0.4166082854607445,0.14886515353805072,0.48375127696073716,0.19121904761904762
watford fc,43,26.2,27,4.64,199.6,19,-28,34,2019,1.1096774193548387,0.7678571428571429,1.0180687779288904,0.9390681003584229,1.1637931034482758,0.84375,0.4334220727663351,0.1548731642189586,0.48090823230084234,0.1900952380952381
crystal palace,33,27.4,18,5.74,189.33,14,-19,43,2019,0.8516129032258064,0.5892857142857143,1.0646978822615114,0.982078853046595,0.7758620689655172,0.5625,0.5361729951893887,0.19158878504672897,0.4561641063202329,0.18031428571428573
burnley fc,35,26.8,12,4.68,163.88,10,-7,54,2019,0.9032258064516129,0.625,1.041383330095201,0.960573476702509,0.5172413793103449,0.375,0.43715846994535523,0.1562082777036048,0.3948458973419942,0.15607619047619048
norwich city,38,26.0,25,3.82,145.33,20,-49,21,2019,0.9806451612903225,0.6785714285714286,1.0102972605401204,0.931899641577061,1.0775862068965518,0.78125,0.3568259305964224,0.12750333778371162,0.35015227154449613,0.13840952380952382
sheffield united,34,27.9,16,4.08,138.6,9,0,54,2019,0.8774193548387097,0.6071428571428571,1.0841266757334367,1.0,0.6896551724137931,0.5,0.38111251226005327,0.13618157543391188,0.3339372795435709,0.132
manchester city,36,25.3,23,29.01,1040.0,1,51,86,2020,0.9,0.6792452830188679,0.9836702954898912,0.8971631205673759,0.9766454352441614,0.71875,2.5311927405985517,1.0,2.2725037966109105,1.0
liverpool fc,43,24.9,28,22.55,969.65,3,26,69,2020,1.075,0.8113207547169812,0.9681181959564541,0.8829787234042553,1.1889596602972399,0.875,1.9675420992932553,0.7773181661496036,2.1187820253690086,0.9323557692307692
chelsea fc,39,25.7,23,22.8,889.2,4,22,67,2020,0.975,0.7358490566037735,0.9992223950233282,0.9113475177304965,0.9766454352441614,0.71875,1.9893552046069278,0.7859358841778696,1.9429907461023284,0.8550000000000001
manchester united,39,25.4,26,19.74,770.05,2,29,74,2020,0.975,0.7358490566037735,0.9875583203732504,0.900709219858156,1.1040339702760085,0.8125,1.7223627955675769,0.6804550155118924,1.6826361044040685,0.7404326923076923
tottenham hotspur,41,25.2,23,17.16,703.5,7,23,62,2020,1.025,0.7735849056603774,0.9797822706065319,0.8936170212765957,0.9766454352441614,0.71875,1.4972515487304772,0.5915201654601862,1.5372177124190147,0.6764423076923077
arsenal fc,42,24.9,27,14.74,619.25,8,16,61,2020,1.05,0.7924528301886793,0.9681181959564541,0.8829787234042553,1.1464968152866242,0.84375,1.2861006892941278,0.5081006549465701,1.3531230538954868,0.5954326923076924
everton fc,44,25.2,27,11.62,511.2,10,-1,59,2020,1.1,0.8301886792452831,0.9797822706065319,0.8936170212765957,1.1464968152866242,0.84375,1.0138731349794956,0.400551533953809,1.1170230200264397,0.49153846153846154
leicester city,40,25.8,27,12.77,510.6,5,18,66,2020,1.0,0.7547169811320755,1.0031104199066874,0.9148936170212767,1.1464968152866242,0.84375,1.114213419422389,0.4401930368838331,1.1157119601437797,0.4909615384615385
wolverhampton wanderers,38,24.4,32,11.85,450.3,13,-16,45,2020,0.95,0.7169811320754716,0.9486780715396579,0.8652482269503545,1.3588110403397027,1.0,1.0339411918680743,0.40847983453981385,0.9839504419364355,0.4329807692307692
aston villa,53,23.9,24,8.13,430.7,11,9,55,2020,1.325,1.0,0.9292379471228616,0.8475177304964538,1.019108280254777,0.75,0.7093621848006283,0.28024819027921405,0.9411224857695375,0.4141346153846154
west ham united,39,27.0,23,8.59,334.9,6,15,65,2020,0.975,0.7358490566037735,1.0497667185069985,0.9574468085106383,0.9766454352441614,0.71875,0.7494982985777855,0.2961047914512237,0.7317899245048017,0.3220192307692307
brighton & hove albion,46,24.9,30,6.31,290.4,16,-6,41,2020,1.15,0.8679245283018868,0.9681181959564541,0.8829787234042553,1.2738853503184713,0.9375,0.5505627781170928,0.2175112030334367,0.634552983207508,0.2792307692307692
southampton fc,39,25.0,22,7.25,282.8,15,-21,43,2020,0.975,0.7358490566037735,0.9720062208398135,0.8865248226950355,0.9341825902335457,0.6875,0.6325800540965012,0.24991382281971733,0.6179462246938129,0.27192307692307693
newcastle united,33,27.4,19,7.74,255.35,12,-16,45,2020,0.825,0.6226415094339622,1.0653188180404354,0.9716312056737588,0.8067940552016984,0.59375,0.6753337405112992,0.2668045501551189,0.5579652350621115,0.24552884615384615
fulham fc,38,27.0,30,6.31,239.75,18,-26,28,2020,0.95,0.7169811320754716,1.0497667185069985,0.9574468085106383,1.2738853503184713,0.9375,0.5505627781170928,0.2175112030334367,0.5238776781129478,0.23052884615384617
leeds united,39,25.1,24,6.11,238.1,9,8,59,2020,0.975,0.7358490566037735,0.9758942457231727,0.8900709219858157,1.019108280254777,0.75,0.5331122938661548,0.21061702861082385,0.5202722634356324,0.2289423076923077
crystal palace,36,28.2,18,5.38,193.85,14,-25,44,2020,0.9,0.6792452830188679,1.0964230171073095,1.0,0.7643312101910827,0.5625,0.4694180263502312,0.18545329196828678,0.42358159708944704,0.18639423076923076
sheffield united,40,25.4,16,3.75,149.85,20,-43,23,2020,1.0,0.7547169811320755,0.9875583203732504,0.900709219858156,0.6794055201698513,0.5,0.3271965797050868,0.12926577042399173,0.32743720569437007,0.14408653846153846
west bromwich albion,43,26.6,18,3.28,141.15,19,-41,26,2020,1.075,0.8113207547169812,1.0342146189735615,0.9432624113475178,0.7643312101910827,0.5625,0.2861879417153826,0.11306446053085142,0.30842683739579807,0.13572115384615385
burnley fc,32,27.1,11,4.13,132.3,17,-22,39,2020,0.8,0.6037735849056604,1.0536547433903578,0.9609929078014185,0.46709129511677283,0.34375,0.36035249978186895,0.1423647018269562,0.289088704126561,0.12721153846153846
manchester city,39,24.7,23,25.74,1000.0,1,73,93,2021,0.968944099378882,0.7959183673469388,0.9711028110870847,0.8853046594982079,0.9387755102040817,0.6388888888888888,2.2540391435702083,1.0,2.141923876025446,1.0
liverpool fc,49,24.5,29,18.75,918.9,2,68,92,2021,1.2173913043478262,1.0,0.9632396304305092,0.878136200716846,1.183673469387755,0.8055555555555556,1.6419282805727045,0.7284382284382285,1.9682138496797823,0.9188999999999999
chelsea fc,44,25.6,25,20.78,914.5,3,43,74,2021,1.093167701863354,0.8979591836734694,1.006487124041675,0.917562724014337,1.0204081632653061,0.6944444444444444,1.8196943824160428,0.8073038073038074,1.9587893846252704,0.9145
manchester united,43,26.0,29,17.89,769.15,6,0,58,2021,1.0683229813664596,0.8775510204081632,1.0222134853548261,0.931899641577061,1.183673469387755,0.8055555555555556,1.5666185034371032,0.6950271950271951,1.6474607492449718,0.76915
tottenham hotspur,45,24.0,26,15.32,689.35,4,29,71,2021,1.1180124223602483,0.9183673469387755,0.9435816787890702,0.8602150537634409,1.0612244897959184,0.7222222222222222,1.3415648671132712,0.5951825951825952,1.4765352239381413,0.68935
arsenal fc,41,24.0,24,14.95,613.05,5,13,69,2021,1.0186335403726707,0.8367346938775511,0.9435816787890702,0.8602150537634409,0.9795918367346939,0.6666666666666666,1.309164149043303,0.5808080808080808,1.3131064321973995,0.61305
leicester city,40,25.7,26,13.16,526.55,8,3,52,2021,0.9937888198757764,0.8163265306122449,1.0104187143699628,0.921146953405018,1.0612244897959184,0.7222222222222222,1.1524147291912954,0.5112665112665113,1.1278300169211986,0.52655
aston villa,44,24.8,21,11.09,487.75,14,-2,45,2021,1.093167701863354,0.8979591836734694,0.9750344014153726,0.888888888888889,0.8571428571428571,0.5833333333333334,0.9711458470160689,0.4308469308469309,1.0447233705314114,0.48775
everton fc,42,26.0,24,11.41,479.05,16,-23,39,2021,1.0434782608695652,0.8571428571428571,1.0222134853548261,0.931899641577061,0.9795918367346939,0.6666666666666666,0.9991680896711764,0.4432789432789433,1.0260886328099899,0.47905000000000003
wolverhampton wanderers,38,24.8,30,9.92,376.95,10,-5,51,2021,0.9440993788819876,0.7755102040816326,0.9750344014153726,0.888888888888889,1.2244897959183674,0.8333333333333334,0.8686895223083322,0.3853923853923854,0.8073982050677918,0.37695
west ham united,37,26.3,20,9.59,354.9,7,9,56,2021,0.9192546583850931,0.7551020408163265,1.0340082563396895,0.9426523297491041,0.8163265306122449,0.5555555555555556,0.8397915845702525,0.3725718725718726,0.7601687836014307,0.3549
brighton & hove albion,43,24.6,31,7.4,318.0,9,-2,51,2021,1.0683229813664596,0.8775510204081632,0.967171220758797,0.881720430107527,1.2653061224489797,0.8611111111111112,0.6480143613993607,0.28749028749028754,0.6811317925760918,0.318
newcastle united,34,27.9,19,9.23,313.9,11,-18,49,2021,0.84472049689441,0.6938775510204082,1.096913701592294,1.0,0.7755102040816326,0.5277777777777778,0.8082665615832567,0.3585858585858586,0.6723499046843875,0.31389999999999996
leeds united,35,24.0,20,8.56,299.45,17,-37,38,2021,0.8695652173913043,0.7142857142857143,0.9435816787890702,0.8602150537634409,0.8163265306122449,0.5555555555555556,0.7495949910241254,0.3325563325563326,0.6413991046758198,0.29945
southampton fc,33,25.6,19,8.31,274.3,15,-24,40,2021,0.8198757763975155,0.673469387755102,1.006487124041675,0.917562724014337,0.7755102040816326,0.5277777777777778,0.7277026139498226,0.3228438228438229,0.5875297191937798,0.2743
brentford fc,38,24.7,27,7.19,273.3,13,-8,46,2021,0.9440993788819876,0.7755102040816326,0.9711028110870847,0.8853046594982079,1.1020408163265305,0.75,0.6296247646569464,0.2793317793317794,0.5853877953177544,0.2733
crystal palace,33,26.5,16,8.21,271.05,12,4,48,2021,0.8198757763975155,0.673469387755102,1.041871436996265,0.949820788530466,0.6530612244897959,0.4444444444444444,0.7189456631201016,0.318958818958819,0.5805684665966971,0.27105
norwich city,45,24.7,29,3.63,163.2,20,-61,22,2021,1.1180124223602483,0.9183673469387755,0.9711028110870847,0.8853046594982079,1.183673469387755,0.8055555555555556,0.31787731511887557,0.14102564102564102,0.3495619765673528,0.16319999999999998
watford fc,47,26.4,36,3.32,156.2,19,-43,23,2021,1.1677018633540373,0.9591836734693877,1.0379398466679772,0.946236559139785,1.469387755102041,1.0,0.2907307675467402,0.128982128982129,0.33456850943517463,0.15619999999999998
burnley fc,35,27.9,16,3.94,137.85,18,-19,35,2021,0.8695652173913043,0.7142857142857143,1.096913701592294,1.0,0.6530612244897959,0.4444444444444444,0.34502386269101093,0.15306915306915309,0.29526420631010775,0.13785
manchester city,34,26.0,21,33.7,1150.0,1,61,89,2022,0.8095238095238095,0.68,1.0168165819319515,0.9187279151943463,0.8171206225680934,0.6,2.4304053079474977,1.0,2.031873917806283,1.0
arsenal fc,42,24.0,25,23.83,1000.0,2,45,84,2022,1.0,0.84,0.9385999217833398,0.8480565371024735,0.9727626459143969,0.7142857142857143,1.718592240011539,0.7071216617210682,1.7668468850489416,0.8695652173913043
chelsea fc,43,25.2,27,23.14,994.95,12,-9,44,2022,1.0238095238095237,0.86,0.9855299178725068,0.8904593639575972,1.0505836575875487,0.7714285714285715,1.668830232222703,0.686646884272997,1.7579243082794445,0.8651739130434783
manchester united,48,25.4,30,17.66,847.75,3,15,75,2022,1.1428571428571428,0.96,0.993351583887368,0.8975265017667844,1.1673151750972763,0.8571428571428571,1.2736189239867302,0.5240356083086053,1.4978444468002403,0.7371739130434782
liverpool fc,39,25.6,24,20.82,811.85,5,28,67,2022,0.9285714285714286,0.78,1.0011732499022292,0.9045936395759717,0.933852140077821,0.6857142857142857,1.5015144958892255,0.6178041543026705,1.4344146436269833,0.7059565217391305
tottenham hotspur,34,25.9,21,19.09,649.1,8,7,60,2022,0.8095238095238095,0.68,1.0129057489245208,0.9151943462897526,0.8171206225680934,0.6,1.376748882157796,0.5664688427299702,1.146860313085268,0.5644347826086956
newcastle united,38,28.3,22,14.25,541.6,4,35,71,2022,0.9047619047619048,0.76,1.1067657411028549,1.0,0.8560311284046693,0.6285714285714286,1.0276936391172653,0.42284866468842724,0.9569242729425068,0.47095652173913044
brighton & hove albion,42,24.1,28,12.61,529.8,6,19,62,2022,1.0,0.84,0.9425107547907705,0.8515901060070672,1.0894941634241246,0.8,0.9094187220539449,0.37418397626112754,0.9360754796989291,0.460695652173913
aston villa,43,25.4,23,11.85,509.55,7,5,61,2022,1.0238095238095237,0.86,0.993351583887368,0.8975265017667844,0.8949416342412452,0.6571428571428571,0.8546083946343574,0.3516320474777448,0.9002968302766882,0.44308695652173913
wolverhampton wanderers,43,25.8,34,11.57,497.65,13,-27,41,2022,1.0238095238095237,0.86,1.0089949159170903,0.911660777385159,1.3229571984435797,0.9714285714285714,0.8344151161113516,0.3433234421364985,0.8792713523446057,0.43273913043478257
leicester city,38,26.4,25,12.91,490.7,18,-17,34,2022,0.9047619047619048,0.76,1.0324599139616737,0.9328621908127208,0.9727626459143969,0.7142857142857143,0.9310543776143084,0.3830860534124629,0.8669917664935156,0.42669565217391303
west ham united,44,25.4,25,10.58,465.6,14,-13,40,2022,1.0476190476190477,0.88,0.993351583887368,0.8975265017667844,0.9727626459143969,0.7142857142857143,0.763017452762152,0.313946587537092,0.8226439096787872,0.4048695652173913
southampton fc,46,24.8,25,9.13,419.95,20,-37,25,2022,1.0952380952380953,0.92,0.9698865858427845,0.8763250883392226,0.9727626459143969,0.7142857142857143,0.6584451175537286,0.270919881305638,0.741987349376303,0.36517391304347824
everton fc,40,26.9,21,10.33,413.15,17,-23,36,2022,0.9523809523809523,0.8,1.0520140789988266,0.9505300353356889,0.8171206225680934,0.6,0.7449877397951825,0.3065281899109792,0.7299727905579702,0.35926086956521736
nottingham forest,50,26.6,29,7.53,376.25,16,-30,38,2022,1.1904761904761905,1.0,1.040281579976535,0.9399293286219081,1.1284046692607004,0.8285714285714286,0.5430549545651233,0.2234421364985163,0.6647761404996643,0.32717391304347826
brentford fc,36,25.3,26,10.31,371.2,9,12,59,2022,0.8571428571428571,0.72,0.9894407508799374,0.8939929328621908,1.0116731517509727,0.7428571428571429,0.7435453627578249,0.3059347181008902,0.6558535637301671,0.3227826086956522
leeds united,47,24.0,31,7.34,345.15,19,-30,31,2022,1.119047619047619,0.94,0.9385999217833398,0.8480565371024735,1.206225680933852,0.8857142857142857,0.5293523727102265,0.2178041543026706,0.6098272023746422,0.3001304347826087
crystal palace,39,25.4,19,8.28,323.05,11,-9,45,2022,0.9285714285714286,0.78,0.993351583887368,0.8975265017667844,0.7392996108949417,0.5428571428571428,0.597144093466032,0.24569732937685457,0.5707798862150606,0.2809130434782609
fulham fc,47,25.9,35,6.28,295.1,10,2,52,2022,1.119047619047619,0.94,1.0129057489245208,0.9151943462897526,1.3618677042801557,1.0,0.4529063897302755,0.18635014836795252,0.5213965157779427,0.2566086956521739
afc bournemouth,47,25.0,23,6.11,287.2,15,-34,39,2022,1.119047619047619,0.94,0.9777082518576456,0.8833922261484098,0.8949416342412452,0.6571428571428571,0.4406461849127362,0.18130563798219584,0.507438425386056,0.2497391304347826
manchester city,36,25.7,21,40.63,1460.0,1,62,91,2023,0.8421052631578947,0.6428571428571429,1.0178217821782178,0.9553903345724908,0.8108108108108109,0.5833333333333334,2.8040995203423167,1.0,2.3914197170917717,1.0
arsenal fc,40,24.6,23,30.08,1200.0,2,62,89,2023,0.935672514619883,0.7142857142857143,0.9742574257425743,0.9144981412639406,0.888030888030888,0.6388888888888888,2.075986058870216,0.7403396505045532,1.965550452404196,0.821917808219178
chelsea fc,56,22.2,26,18.1,1010.0,6,14,63,2023,1.3099415204678362,1.0,0.8792079207920792,0.8252788104089219,1.0038610038610039,0.7222222222222222,1.2491804410090066,0.4454836327836574,1.6543382974401983,0.6917808219178082
liverpool fc,45,24.2,30,21.24,955.65,3,45,82,2023,1.0526315789473684,0.8035714285714286,0.9584158415841584,0.8996282527881041,1.1583011583011584,0.8333333333333334,1.4658890921011765,0.522766428747231,1.5653152415333915,0.6545547945205479
tottenham hotspur,41,25.6,28,20.45,838.5,5,13,66,2023,0.9590643274853801,0.7321428571428571,1.0138613861386139,0.9516728624535317,1.0810810810810811,0.7777777777777778,1.411366851858242,0.5033226679793256,1.373428378617432,0.5743150684931507
manchester united,46,24.9,28,17.57,808.35,8,-1,60,2023,1.0760233918128654,0.8214285714285714,0.9861386138613861,0.9256505576208178,1.0810810810810811,0.7777777777777778,1.2126022292004555,0.432439084420379,1.3240439235007766,0.5536643835616438
aston villa,45,25.0,23,15.77,709.65,4,15,68,2023,1.0526315789473684,0.8035714285714286,0.9900990099009901,0.929368029739777,0.888030888030888,0.6388888888888888,1.0883743400393386,0.3881368446960374,1.1623773987905313,0.4860616438356164
newcastle united,45,26.3,21,14.49,652.25,7,23,60,2023,1.0526315789473684,0.8035714285714286,1.0415841584158416,0.9776951672862454,0.8108108108108109,0.5833333333333334,1.0000345077469892,0.35663302978095,1.0683585688171973,0.44674657534246576
brighton & hove albion,49,24.2,33,10.7,524.4,11,-7,48,2023,1.1461988304093567,0.875,0.9584158415841584,0.8996282527881041,1.2741312741312742,0.9166666666666666,0.7384657855688601,0.26335220280580846,0.8589455477006336,0.3591780821917808
nottingham forest,46,26.6,36,10.9,501.35,17,-18,32,2023,1.0760233918128654,0.8214285714285714,1.0534653465346535,0.9888475836431228,1.38996138996139,1.0,0.7522688843645398,0.2682746738862909,0.8211905994273697,0.3433904109589041
west ham united,36,26.6,20,13.54,487.5,9,-14,52,2023,0.8421052631578947,0.6428571428571429,1.0534653465346535,0.9888475836431228,0.7722007722007722,0.5555555555555556,0.9344697884675108,0.33325129214865856,0.7985048712892046,0.3339041095890411
crystal palace,40,25.1,17,11.16,446.58,10,-1,49,2023,0.935672514619883,0.7142857142857143,0.9940594059405942,0.9330855018587362,0.6563706563706564,0.4722222222222222,0.7702129127989233,0.27467388629091805,0.7314796008622215,0.3058767123287671
wolverhampton wanderers,47,23.9,32,9.42,442.73,14,-15,46,2023,1.0994152046783625,0.8392857142857143,0.9465346534653465,0.8884758364312267,1.2355212355212355,0.8888888888888888,0.6501259532765105,0.23184838789072112,0.7251734598274248,0.3032397260273973
brentford fc,42,25.0,29,10.21,428.78,16,-9,39,2023,0.9824561403508771,0.75,0.9900990099009901,0.929368029739777,1.1196911196911197,0.8055555555555556,0.7046481935194451,0.25129214865862665,0.7023239358182259,0.2936849315068493
afc bournemouth,42,25.7,26,9.57,401.75,12,-13,48,2023,0.9824561403508771,0.75,1.0178217821782178,0.9553903345724908,1.0038610038610039,0.7222222222222222,0.6604782773732703,0.23554024120108294,0.6580499118778215,0.2751712328767123
everton fc,34,26.8,16,11.52,391.75,15,-11,40,2023,0.7953216374269005,0.6071428571428571,1.0613861386138614,0.996282527881041,0.6177606177606177,0.4444444444444444,0.7950584906311466,0.28353433423578633,0.6416703247744531,0.2683219178082192
fulham fc,35,26.9,31,10.98,384.35,13,-6,47,2023,0.8187134502923976,0.625,1.0653465346534652,1.0,1.196911196911197,0.8611111111111112,0.7577901238828116,0.27024366231848385,0.6295494303179606,0.26325342465753426
burnley fc,39,25.3,30,7.01,273.48,19,-37,24,2023,0.9122807017543859,0.6964285714285714,1.001980198019802,0.9405204460966543,1.1583011583011584,0.8333333333333334,0.48379861278857095,0.17253261137090817,0.4479489481029163,0.1873150684931507
sheffield united,45,24.7,26,3.39,152.35,20,-69,16,2023,1.0526315789473684,0.8035714285714286,0.9782178217821782,0.9182156133828997,1.0038610038610039,0.7222222222222222,0.23396252458676972,0.08343588481417671,0.24954300951981603,0.10434931506849315
luton town,46,25.7,22,3.06,140.9,18,-33,26,2023,1.0760233918128654,0.8214285714285714,1.0178217821782178,0.9553903345724908,0.8494208494208495,0.6111111111111112,0.21118741157389834,0.07531380753138076,0.23078838228645934,0.09650684931506849
manchester city,44,25.6,27,30.86,1360.0,3,28,71,2024,1.0972568578553616,0.7586206896551724,1.0074773711137348,0.9142857142857144,1.1273486430062631,0.8181818181818182,1.9865460748656216,1.0,2.152522011911677,1.0
chelsea fc,58,22.4,30,20.59,1190.0,4,21,69,2024,1.4463840399002492,1.0,0.8815426997245178,0.7999999999999999,1.2526096033402923,0.9090909090909091,1.3254369307026297,0.6672067401166559,1.8834567604227173,0.875
arsenal fc,42,24.5,26,27.58,1160.0,2,35,74,2024,1.0473815461346634,0.7241379310344828,0.9641873278236914,0.875,1.0855949895615866,0.7878787878787878,1.7754031349576749,0.8937135450421257,1.8359746572187832,0.8529411764705882
liverpool fc,35,24.7,21,27.17,950.95,1,45,84,2024,0.8728179551122194,0.603448275862069,0.9720582447855175,0.8821428571428571,0.8768267223382046,0.6363636363636364,1.7490102674691816,0.8804277381723915,1.5051035347260362,0.6992279411764706
manchester united,49,24.0,29,16.84,825.0,15,-10,42,2024,1.2219451371571073,0.8448275862068966,0.9445100354191264,0.8571428571428571,1.210855949895616,0.8787878787878788,1.0840387524542148,0.5456902138690862,1.3057578381081865,0.6066176470588235
tottenham hotspur,41,24.0,23,18.96,777.3,17,-1,38,2024,1.0224438902743143,0.7068965517241379,0.9445100354191264,0.8571428571428571,0.9603340292275574,0.696969696969697,1.2205091892239854,0.6143875567077123,1.2302612940139313,0.5715441176470588
aston villa,41,25.2,24,16.6,680.55,6,7,66,2024,1.0224438902743143,0.7068965517241379,0.9917355371900826,0.9,1.0020876826722338,0.7272727272727273,1.0685892690463163,0.5379131561892418,1.0771315111812438,0.5004044117647058
newcastle united,36,27.5,15,18.82,677.53,5,21,66,2024,0.8977556109725685,0.6206896551724138,1.0822510822510822,0.9821428571428571,0.6263048016701461,0.45454545454545453,1.211496990569378,0.609850939727803,1.0723516461253813,0.49818382352941176
brighton & hove albion,49,24.2,33,13.62,667.58,8,7,61,2024,1.2219451371571073,0.8448275862068966,0.9523809523809523,0.8642857142857142,1.3778705636743216,1.0,0.8767581833982426,0.441348023331173,1.05660341522941,0.4908676470588236
crystal palace,40,26.2,18,13.17,526.85,12,0,53,2024,0.997506234413965,0.6896551724137931,1.0310901219992128,0.9357142857142857,0.7515657620041754,0.5454545454545454,0.8477904020084329,0.4267660401814647,0.8338648690997552,0.38738970588235294
afc bournemouth,39,24.7,25,13.3,518.6,9,12,56,2024,0.9725685785536159,0.6724137931034483,0.9720582447855175,0.8821428571428571,1.0438413361169103,0.7575757575757576,0.8561588721877113,0.43097861309138047,0.8208072907186733,0.38132352941176473
nottingham forest,33,26.8,23,14.58,481.3,7,12,65,2024,0.8229426433915211,0.5689655172413793,1.054702872884691,0.9571428571428572,0.9603340292275574,0.696969696969697,0.9385561170298369,0.47245625405055086,0.7617712090684486,0.3538970588235294
wolverhampton wanderers,44,25.3,33,9.84,433.05,16,-15,42,2024,1.0972568578553616,0.7586206896551724,0.9956709956709957,0.9035714285714286,1.3778705636743216,1.0,0.6334288197238405,0.3188593648736228,0.685404159748788,0.3184191176470588
brentford fc,38,24.4,27,11.26,427.85,10,9,56,2024,0.9476309226932668,0.6551724137931034,0.9602518693427784,0.8714285714285713,1.1273486430062631,0.8181818181818182,0.7248382632205735,0.3648736228127025,0.6771739285267728,0.31459558823529415
west ham united,29,28.0,19,13.82,400.7,14,-16,43,2024,0.7231920199501246,0.5,1.1019283746556474,1.0,0.7933194154488518,0.5757575757575758,0.8896327529048248,0.4478289047310434,0.6342026251272125,0.29463235294117646
everton fc,39,25.8,21,9.31,363.23,13,-2,48,2024,0.9725685785536159,0.6724137931034483,1.0153482880755609,0.9214285714285715,0.8768267223382046,0.6363636363636364,0.5993112105313979,0.30168502916396633,0.5748974782254989,0.2670808823529412
fulham fc,28,27.7,21,12.94,362.35,11,0,54,2024,0.6982543640897755,0.4827586206896552,1.0901219992129083,0.9892857142857142,0.8768267223382046,0.6363636363636364,0.8329846470758634,0.41931302657161373,0.5735046698648502,0.2664338235294118
southampton fc,42,25.3,23,7.38,310.05,20,-60,12,2024,1.0473815461346634,0.7241379310344828,0.9956709956709957,0.9035714285714286,0.9603340292275574,0.696969696969697,0.47507161479288035,0.2391445236552171,0.49072753661265844,0.2279779411764706
ipswich town,35,26.6,17,7.72,270.1,19,-46,22,2024,0.8728179551122194,0.603448275862069,1.0468319559228652,0.9500000000000001,0.7098121085594989,0.5151515151515151,0.49695838295406997,0.25016202203499677,0.4274972025127529,0.1986029411764706
leicester city,40,25.3,24,6.33,253.35,18,-47,25,2024,0.997506234413965,0.6896551724137931,0.9956709956709957,0.9035714285714286,1.0020876826722338,0.7272727272727273,0.40748012488332425,0.2051198963058976,0.40098636155722306,0.18628676470588235
